seed_id,question,answer
1983-10::1983,"The numbers $1447$ , $1005$ and $1231$ have something in common: each is a $4$ -digit number beginning with $1$ that has exactly two identical digits. How many such numbers are there?",432
1983-11::1983,"The solid shown has a square base of side length $s$ . The upper edge is parallel to the base and has length $2s$ . All other edges have length $s$ . Given that $s=6\sqrt{2}$ , what is the volume of the solid? [asy] import three; size(170); pathpen = black+linewidth(0.65); pointpen = black; currentprojection = perspective(30,-20,10); real s = 6 * 2^.5; triple A=(0,0,0),B=(s,0,0),C=(s,s,0),D=(0,s,0),E=(-s/2,s/2,6),F=(3*s/2,s/2,6); draw(A--B--C--D--A--E--D); draw(B--F--C);  draw(E--F); label(""A"",A, S); label(""B"",B, S); label(""C"",C, S); label(""D"",D, S); label(""E"",E,N); label(""F"",F,N); [/asy]",288
1983-12::1983,Diameter $AB$ of a circle has length a $2$ -digit integer (base ten). Reversing the digits gives the length of the perpendicular chord $CD$ . The distance from their intersection point $H$ to the center $O$ is a positive rational number. Determine the length of $AB$ . Pdfresizer.com-pdf-convert-aimeq12.png,65
1983-13::1983,"For $\{1, 2, 3, \ldots, n\}$ and each of its nonempty subsets a unique alternating sum is defined as follows. Arrange the numbers in the subset in decreasing order and then, beginning with the largest, alternately add and subtract succesive numbers. For example, the alternating sum for $\{1, 2, 3, 6,9\}$ is $9-6+3-2+1=5$ and for $\{5\}$ it is simply $5$ . Find the sum of all such alternating sums for $n=7$ .",448
1983-14::1983,"In the adjoining figure, two circles with radii $8$ and $6$ are drawn with their centers $12$ units apart. At $P$ , one of the points of intersection, a line is drawn in such a way that the chords $QP$ and $PR$ have equal length. Find the square of the length of $QP$ . [asy]size(160); defaultpen(linewidth(.8pt)+fontsize(11pt)); dotfactor=3; pair O1=(0,0), O2=(12,0); path C1=Circle(O1,8), C2=Circle(O2,6); pair P=intersectionpoints(C1,C2)[0]; path C3=Circle(P,sqrt(130)); pair Q=intersectionpoints(C3,C1)[0]; pair R=intersectionpoints(C3,C2)[1]; draw(C1); draw(C2); draw(O2--O1); dot(O1); dot(O2); draw(Q--R); label(""$Q$"",Q,NW); label(""$P$"",P,1.5*dir(80)); label(""$R$"",R,NE); label(""12"",waypoint(O1--O2,0.4),S);[/asy]",130
1983-15::1983,"The adjoining figure shows two intersecting chords in a circle, with $B$ on minor arc $AD$ . Suppose that the radius of the circle is $5$ , that $BC=6$ , and that $AD$ is bisected by $BC$ . Suppose further that $AD$ is the only chord starting at $A$ which is bisected by $BC$ . It follows that the sine of the central angle of minor arc $AB$ is a rational number. If this number is expressed as a fraction $\frac{m}{n}$ in lowest terms, what is the product $mn$ ? [asy]size(140); defaultpen(linewidth(.8pt)+fontsize(11pt)); dotfactor=1; pair O1=(0,0); pair A=(-0.91,-0.41); pair B=(-0.99,0.13); pair C=(0.688,0.728); pair D=(-0.25,0.97); path C1=Circle(O1,1); draw(C1); label(""$A$"",A,W); label(""$B$"",B,W); label(""$C$"",C,NE); label(""$D$"",D,N); draw(A--D); draw(B--C); pair F=intersectionpoint(A--D,B--C); add(pathticks(A--F,1,0.5,0,3.5)); add(pathticks(F--D,1,0.5,0,3.5)); [/asy]",175
1983-1::1983,"Let $x$ , $y$ and $z$ all exceed $1$ and let $w$ be a positive number such that $\log_xw=24$ , $\log_y w = 40$ and $\log_{xyz}w=12$ . Find $\log_zw$ .",60
1983-2::1983,"Let $f(x)=|x-p|+|x-15|+|x-p-15|$ , where $0 < p < 15$ . Determine the minimum value taken by $f(x)$ for $x$ in the interval $p \leq x\leq15$ .",15
1983-3::1983,What is the product of the real roots of the equation $x^2 + 18x + 30 = 2 \sqrt{x^2 + 18x + 45}$ ?,20
1983-4::1983,"A machine-shop cutting tool has the shape of a notched circle, as shown. The radius of the circle is $\sqrt{50}$ cm, the length of $AB$ is $6$ cm and that of $BC$ is $2$ cm. The angle $ABC$ is a right angle. Find the square of the distance (in centimeters) from $B$ to the center of the circle. [asy] size(150); defaultpen(linewidth(0.6)+fontsize(11)); real r=10; pair O=(0,0), A=r*dir(45),B=(A.x,A.y-r); path P=circle(O,r); pair C=intersectionpoint(B--(B.x+r,B.y),P); // Drawing arc instead of full circle //draw(P); draw(arc(O, r, degrees(A), degrees(C))); draw(C--B--A--B); dot(A); dot(B); dot(C); label(""$A$"",A,NE); label(""$B$"",B,S); label(""$C$"",C,SE); [/asy]",26
1983-5::1983,Suppose that the sum of the squares of two complex numbers $x$ and $y$ is $7$ and the sum of the cubes is $10$ . What is the largest real value that $x + y$ can have?,4
1983-6::1983,Let $a_n=6^{n}+8^{n}$ . Determine the remainder on dividing $a_{83}$ by $49$ .,35
1983-7::1983,"Twenty five of King Arthur's knights are seated at their customary round table. Three of them are chosen - all choices being equally likely - and are sent off to slay a troublesome dragon. Let $P$ be the probability that at least two of the three had been sitting next to each other. If $P$ is written as a fraction in lowest terms, what is the sum of the numerator and denominator?",57
1983-8::1983,What is the largest $2$ -digit prime factor of the integer $n = {200\choose 100}$ ?,61
1983-9::1983,Find the minimum value of $\frac{9x^2\sin^2 x + 4}{x\sin x}$ for $0 < x < \pi$ .,12
1984-10::1984,"Mary told John her score on the American High School Mathematics Examination (AHSME), which was over $80$ . From this, John was able to determine the number of problems Mary solved correctly. If Mary's score had been any lower, but still over $80$ , John could not have determined this. What was Mary's score? (Recall that the AHSME consists of $30$ multiple choice problems and that one's score, $s$ , is computed by the formula $s=30+4c-w$ , where $c$ is the number of correct answers and $w$ is the number of wrong answers. Students are not penalized for problems left unanswered.)",119
1984-11::1984,"A gardener plants three maple trees, four oaks, and five birch trees in a row. He plants them in random order, each arrangement being equally likely. Let $\frac m n$ in lowest terms be the probability that no two birch trees are next to one another. Find $m+n$ .",106
1984-12::1984,"A function $f$ is defined for all real numbers and satisfies $f(2+x)=f(2-x)$ and $f(7+x)=f(7-x)$ for all $x$ . If $x=0$ is a root for $f(x)=0$ , what is the least number of roots $f(x)=0$ must have in the interval $-1000\leq x \leq 1000$ ?",401
1984-13::1984,Find the value of $10\cot(\cot^{-1}3+\cot^{-1}7+\cot^{-1}13+\cot^{-1}21).$,15
1984-14::1984,What is the largest even integer that cannot be written as the sum of two odd composite numbers?,38
1984-1::1984,"Find the value of $a_2+a_4+a_6+a_8+\ldots+a_{98}$ if $a_1$ , $a_2$ , $a_3\ldots$ is an arithmetic progression with common difference 1, and $a_1+a_2+a_3+\ldots+a_{98}=137$ .",93
1984-2::1984,The integer $n$ is the smallest positive multiple of $15$ such that every digit of $n$ is either $8$ or $0$ . Compute $\frac{n}{15}$ .,592
1984-3::1984,"A point $P$ is chosen in the interior of $\triangle ABC$ such that when lines are drawn through $P$ parallel to the sides of $\triangle ABC$ , the resulting smaller triangles $t_{1}$ , $t_{2}$ , and $t_{3}$ in the figure, have areas $4$ , $9$ , and $49$ , respectively. Find the area of $\triangle ABC$ . [asy] size(200); pathpen=black+linewidth(0.65);pointpen=black; pair A=(0,0),B=(12,0),C=(4,5); D(A--B--C--cycle); D(A+(B-A)*3/4--A+(C-A)*3/4); D(B+(C-B)*5/6--B+(A-B)*5/6);D(C+(B-C)*5/12--C+(A-C)*5/12); MP(""A"",C,N);MP(""B"",A,SW);MP(""C"",B,SE); /* sorry mixed up points according to resources diagram. */ MP(""t_3"",(A+B+(B-A)*3/4+(A-B)*5/6)/2+(-1,0.8),N); MP(""t_2"",(B+C+(B-C)*5/12+(C-B)*5/6)/2+(-0.3,0.1),WSW); MP(""t_1"",(A+C+(C-A)*3/4+(A-C)*5/12)/2+(0,0.15),ESE); [/asy]",144
1984-4::1984,"Let $S$ be a list of positive integers--not necessarily distinct--in which the number $68$ appears. The average (arithmetic mean) of the numbers in $S$ is $56$ . However, if $68$ is removed, the average of the remaining numbers drops to $55$ . What is the largest number that can appear in $S$ ?",649
1984-5::1984,Determine the value of $ab$ if $\log_8a+\log_4b^2=5$ and $\log_8b+\log_4a^2=7$ .,512
1984-6::1984,"Three circles, each of radius $3$ , are drawn with centers at $(14, 92)$ , $(17, 76)$ , and $(19, 84)$ . A line passing through $(17,76)$ is such that the total area of the parts of the three circles to one side of the line is equal to the total area of the parts of the three circles to the other side of it. What is the absolute value of the slope of this line?",24
1984-7::1984,The function f is defined on the set of integers and satisfies $f(n)= \begin{cases}  n-3 & \mbox{if }n\ge 1000 \\  f(f(n+5)) & \mbox{if }n<1000 \end{cases}$ Find $f(84)$ .,997
1984-8::1984,The equation $z^6+z^3+1=0$ has complex roots with argument $\theta$ between $90^\circ$ and $180^\circ$ in the complex plane. Determine the degree measure of $\theta$ .,160
1984-9::1984,"In tetrahedron $ABCD$ , edge $AB$ has length 3 cm. The area of face $ABC$ is $15\mbox{cm}^2$ and the area of face $ABD$ is $12 \mbox { cm}^2$ . These two faces meet each other at a $30^\circ$ angle. Find the volume of the tetrahedron in $\mbox{cm}^3$ .",20
1985-10::1985,"How many of the first $1000$ positive integers can be expressed in the form $\lfloor 2x \rfloor + \lfloor 4x \rfloor + \lfloor 6x \rfloor + \lfloor 8x \rfloor$ , where $x$ is a real number, and $\lfloor z \rfloor$ denotes the greatest integer less than or equal to $z$ ?",600
1985-11::1985,"An ellipse has foci at $(9, 20)$ and $(49, 55)$ in the $xy$ -plane and is tangent to the $x$ -axis. What is the length of its major axis?",85
1985-12::1985,"Let $A$ , $B$ , $C$ and $D$ be the vertices of a regular tetrahedron, each of whose edges measures $1$ meter. A bug, starting from vertex $A$ , observes the following rule: at each vertex it chooses one of the three edges meeting at that vertex, each edge being equally likely to be chosen, and crawls along that edge to the vertex at its opposite end. Let $p = \frac{n}{729}$ be the probability that the bug is at vertex $A$ when it has crawled exactly $7$ meters. Find the value of $n$ .",182
1985-13::1985,"The numbers in the sequence $101$ , $104$ , $109$ , $116$ , $\ldots$ are of the form $a_n=100+n^2$ , where $n=1,2,3,\ldots$ . For each $n$ , let $d_n$ be the greatest common divisor of $a_n$ and $a_{n+1}$ . Find the maximum value of $d_n$ as $n$ ranges through the positive integers .",401
1985-14::1985,"In a tournament each player played exactly one game against each of the other players. In each game the winner was awarded 1 point, the loser got 0 points, and each of the two players earned $\frac{1}{2}$ point if the game was a tie. After the completion of the tournament, it was found that exactly half of the points earned by each player were earned in games against the ten players with the least number of points. (In particular, each of the ten lowest scoring players earned half of her/his points against the other nine of the ten). What was the total number of players in the tournament?",25
1985-15::1985,"Three $12$ cm $\times 12$ cm squares are each cut into two pieces $A$ and $B$ , as shown in the first figure below, by joining the midpoints of two adjacent sides. These six pieces are then attached to a regular hexagon , as shown in the second figure, so as to fold into a polyhedron . What is the volume (in $\mathrm{cm}^3$ ) of this polyhedron? AIME 1985 Problem 15.png",864
1985-1::1985,"Let $x_1=97$ , and for $n>1$ let $x_n=\frac{n}{x_{n-1}}$ . Calculate the product $x_1x_2 \ldots x_8$ .",384
1985-2::1985,"When a right triangle is rotated about one leg, the volume of the cone produced is $800\pi \;\textrm{cm}^3$ . When the triangle is rotated about the other leg, the volume of the cone produced is $1920\pi \;\textrm{cm}^3$ . What is the length (in cm) of the hypotenuse of the triangle?",26
1985-3::1985,"Find $c$ if $a$ , $b$ , and $c$ are positive integers which satisfy $c=(a + bi)^3 - 107i$ , where $i^2 = -1$ .",198
1985-4::1985,"A small  square is constructed inside a square of area $1$ by dividing each side of the unit square into $n$ equal parts, and then connecting the  vertices to the division points closest to the opposite vertices, as shown in the figure. Find the value of $n$ if the the area of the small square is exactly $\frac1{1985}$ . AIME 1985 Problem 4.png",32
1985-5::1985,"A sequence of integers $a_1, a_2, a_3, \ldots$ is chosen so that $a_n = a_{n - 1} - a_{n - 2}$ for each $n \ge 3$ . What is the sum of the first $2001$ terms of this sequence if the sum of the first $1492$ terms is $1985$ , and the sum of the first $1985$ terms is $1492$ ?",986
1985-6::1985,"As shown in the figure, $\triangle ABC$ is divided into six smaller triangles by lines drawn from the vertices through a common interior point. The areas of four of these triangles are as indicated. Find the area of $\triangle ABC$ . AIME 1985 Problem 6.png",315
1985-7::1985,"Assume that $a$ , $b$ , $c$ and $d$ are positive integers such that $a^5 = b^4$ , $c^3 = d^2$ and $c - a = 19$ . Determine $d - b$ .",757
1985-8::1985,"The sum of the following seven numbers is exactly 19: $a_1 = 2.56$ , $a_2 = 2.61$ , $a_3 = 2.65$ , $a_4 = 2.71$ , $a_5 = 2.79$ , $a_6 = 2.82$ , $a_7 = 2.86$ . It is desired to replace each $a_i$ by an integer approximation $A_i$ , $1\le i \le 7$ , so that the sum of the $A_i$ 's is also $19$ and so that $M$ , the maximum of the ""errors"" $\lvert A_i-a_i \rvert$ , is as small as possible. For this minimum $M$ , what is $100M$ ?",61
1985-9::1985,"In a circle, parallel chords of lengths $2$ , $3$ , and $4$ determine central angles of $\alpha$ , $\beta$ , and $\alpha + \beta$ radians, respectively, where $\alpha + \beta < \pi$ . If $\cos \alpha$ , which is a positive rational number, is expressed as a fraction in lowest terms, what is the sum of its numerator and denominator?",49
1986-10::1986,"In a parlor game, the magician asks one of the participants to think of a three digit number $(abc)$ where $a$ , $b$ , and $c$ represent digits in base $10$ in the order indicated. The magician then asks this person to form the numbers $(acb)$ , $(bca)$ , $(bac)$ , $(cab)$ , and $(cba)$ , to add these five numbers, and to reveal their sum, $N$ . If told the value of $N$ , the magician can identify the original number, $(abc)$ . Play the role of the magician and determine the $(abc)$ if $N= 3194$ .",358
1986-11::1986,"The polynomial $1-x+x^2-x^3+\cdots+x^{16}-x^{17}$ may be written in the form $a_0+a_1y+a_2y^2+\cdots +a_{16}y^{16}+a_{17}y^{17}$ , where $y=x+1$ and the $a_i$ 's are constants. Find the value of $a_2$ .",816
1986-12::1986,"Let the sum of a set of numbers be the sum of its elements. Let $S$ be a set of positive integers, none greater than 15. Suppose no two disjoint subsets of $S$ have the same sum. What is the largest sum a set $S$ with these properties can have?",61
1986-13::1986,"In a sequence of coin tosses, one can keep a record of instances in which a tail is immediately followed by a head, a head is immediately followed by a head, and etc. We denote these by TH, HH, and etc. For example, in the sequence TTTHHTHTTTHHTTH of 15 coin tosses we observe that there are two HH, three HT, four TH, and five TT subsequences. How many different sequences of 15 coin tosses will contain exactly two HH, three HT, four TH, and five TT subsequences?",560
1986-14::1986,"The shortest distances between an interior diagonal of a rectangular parallelepiped , $P$ , and the edges it does not meet are $2\sqrt{5}$ , $\frac{30}{\sqrt{13}}$ , and $\frac{15}{\sqrt{10}}$ . Determine the volume of $P$ .",750
1986-15::1986,"Let triangle $ABC$ be a right triangle in the $xy$ -plane with a right angle at $C_{}$ . Given that the length of the hypotenuse $AB$ is $60$ , and that the medians through $A$ and $B$ lie along the lines $y=x+3$ and $y=2x+4$ respectively, find the area of triangle $ABC$ .",400
1986-1::1986,What is the sum of the solutions to the equation $\sqrt[4]{x} = \frac{12}{7 - \sqrt[4]{x}}$ ?,337
1986-2::1986,Evaluate the product \[\left(\sqrt{5}+\sqrt{6}+\sqrt{7}\right)\left(\sqrt{5}+\sqrt{6}-\sqrt{7}\right)\left(\sqrt{5}-\sqrt{6}+\sqrt{7}\right)\left(-\sqrt{5}+\sqrt{6}+\sqrt{7}\right).\],104
1986-3::1986,"If $\tan x+\tan y=25$ and $\cot x + \cot y=30$ , what is $\tan(x+y)$ ?",150
1986-5::1986,What is that largest positive integer $n$ for which $n^3+100$ is divisible by $n+10$ ?,890
1986-6::1986,"The pages of a book are numbered $1_{}^{}$ through $n_{}^{}$ . When the page numbers of the book were added, one of the page numbers was mistakenly added twice, resulting in an incorrect sum of $1986_{}^{}$ . What was the number of the page that was added twice?",33
1986-7::1986,"The increasing sequence $1,3,4,9,10,12,13\cdots$ consists of all those positive integers which are powers of 3 or sums of distinct powers of 3. Find the $100^{\mbox{th}}$ term of this sequence.",981
1986-8::1986,Let $S$ be the sum of the base $10$ logarithms of all the proper divisors of $1000000$ . What is the integer nearest to $S$ ?,141
1986-9::1986,"In $\triangle ABC$ , $AB= 425$ , $BC=450$ , and $AC=510$ . An interior point $P$ is then drawn, and segments are drawn through $P$ parallel to the sides of the triangle. If these three segments are of an equal length $d$ , find $d$ .",306
1987-10::1987,"Al walks down to the bottom of an escalator that is moving up and he counts 150 steps. His friend, Bob, walks up to the top of the escalator and counts 75 steps. If Al's speed of walking (in steps per unit time) is three times Bob's walking speed, how many steps are visible on the escalator at a given time? (Assume that this value is constant.)",120
1987-11::1987,Find the largest possible value of $k$ for which $3^{11}$ is expressible as the sum of $k$ consecutive positive integers.,486
1987-12::1987,"Let $m$ be the smallest integer whose cube root is of the form $n+r$ , where $n$ is a positive integer and $r$ is a positive real number less than $1/1000$ . Find $n$ .",19
1987-14::1987,Compute \[\frac{(10^4+324)(22^4+324)(34^4+324)(46^4+324)(58^4+324)}{(4^4+324)(16^4+324)(28^4+324)(40^4+324)(52^4+324)}.\],373
1987-15::1987,"Squares $S_1$ and $S_2$ are inscribed in right triangle $ABC$ , as shown in the figures below. Find $AC + CB$ if area $(S_1) = 441$ and area $(S_2) = 440$ . AIME 1987 Problem 15.png",462
1987-1::1987,"An ordered pair $(m,n)$ of non-negative integers is called ""simple"" if the addition $m+n$ in base $10$ requires no carrying. Find the number of simple ordered pairs of non-negative integers that sum to $1492$ .",300
1987-2::1987,"What is the largest possible distance between two points, one on the sphere of radius 19 with center $(-2,-10,5),$ and the other on the sphere of radius 87 with center $(12,8,-16)$ ?",137
1987-3::1987,"By a proper divisor of a natural number we mean a positive integral divisor other than 1 and the number itself. A natural number greater than 1 will be called ""nice"" if it is equal to the product of its distinct proper divisors. What is the sum of the first ten nice numbers?",182
1987-4::1987,Find the area of the region enclosed by the graph of $|x-60|+|y|=\left|\frac{x}{4}\right|.$,480
1987-5::1987,Find $3x^2 y^2$ if $x$ and $y$ are integers such that $y^2 + 3x^2 y^2 = 30x^2 + 517$ .,588
1987-6::1987,"Rectangle $ABCD$ is divided into four parts of equal area by five segments as shown in the figure, where $XY = YB + BC + CZ = ZW = WD + DA + AX$ , and $PQ$ is parallel to $AB$ .  Find the length of $AB$ (in cm) if $BC = 19$ cm and $PQ = 87$ cm. AIME 1987 Problem 6.png",193
1987-7::1987,"Let $[r,s]$ denote the least common multiple of positive integers $r$ and $s$ .  Find the number of ordered triples $(a,b,c)$ of positive integers for which $[a,b] = 1000$ , $[b,c] = 2000$ , and $[c,a] = 2000$ .",70
1987-8::1987,What is the largest positive integer $n$ for which there is a unique integer $k$ such that $\frac{8}{15} < \frac{n}{n + k} < \frac{7}{13}$ ?,112
1987-9::1987,"Triangle $ABC$ has right angle at $B$ , and contains a point $P$ for which $PA = 10$ , $PB = 6$ , and $\angle APB = \angle BPC = \angle CPA$ .  Find $PC$ . AIME 1987 Problem 9.png",33
1988-10::1988,"A convex polyhedron has for its faces 12 squares, 8 regular hexagons, and 6 regular octagons. At each vertex of the polyhedron one square, one hexagon, and one octagon meet. How many segments joining vertices of the polyhedron lie in the interior of the polyhedron rather than along an edge or a face?",840
1988-13::1988,Find $a$ if $a$ and $b$ are integers such that $x^2 - x - 1$ is a factor of $ax^{17} + bx^{16} + 1$ .,987
1988-14::1988,"Let $C$ be the graph of $xy = 1$ , and denote by $C^*$ the reflection of $C$ in the line $y = 2x$ . Let the equation of $C^*$ be written in the form \[12x^2 + bxy + cy^2 + d = 0.\] Find the product $bc$ .",84
1988-15::1988,"In an office at various times during the day, the boss gives the secretary a letter to type, each time putting the letter on top of the pile in the secretary's in-box. When there is time, the secretary takes the top letter off the pile and types it. There are nine letters to be typed during the day, and the boss delivers them in the order 1, 2, 3, 4, 5, 6, 7, 8, 9. While leaving for lunch, the secretary tells a colleague that letter 8 has already been typed, but says nothing else about the morning's typing. The colleague wonders which of the nine letters remain to be typed after lunch and in what order they will be typed. Based upon the above information, how many such after-lunch typing orders are possible? (That there are no letters left to be typed is one of the possibilities.)",704
1988-2::1988,"For any positive integer $k$ , let $f_1(k)$ denote the square of the sum of the digits of $k$ .  For $n \ge 2$ , let $f_n(k) = f_1(f_{n - 1}(k))$ .  Find $f_{1988}(11)$ .",169
1988-3::1988,Find $(\log_2 x)^2$ if $\log_2 (\log_8 x) = \log_8 (\log_2 x)$ .,27
1988-5::1988,"Let $\frac{m}{n}$ , in lowest terms, be the probability that a randomly chosen positive divisor of $10^{99}$ is an integer multiple of $10^{88}$ . Find $m + n$ .",634
1988-7::1988,"In triangle $ABC$ , $\tan \angle CAB = 22/7$ , and the altitude from $A$ divides $BC$ into segments of length $3$ and $17$ . What is the area of triangle $ABC$ ?",110
1988-8::1988,"The function $f$ , defined on the set of ordered pairs of positive integers, satisfies the following properties: \[f(x, x) = x,\; f(x, y) = f(y, x), {\rm \ and\ } (x+y)f(x, y) = yf(x, x+y).\] Calculate $f(14,52)$ .",364
1988-9::1988,Find the smallest positive integer whose cube ends in $888$ .,192
1989-11::1989,"A sample of 121 integers is given, each between 1 and 1000 inclusive, with repetitions allowed. The sample has a unique mode (most frequent value). Let $D^{}_{}$ be the difference between the mode and the arithmetic mean of the sample. What is the largest possible value of $\lfloor D^{}_{}\rfloor$ ? (For real $x^{}_{}$ , $\lfloor x^{}_{}\rfloor$ is the greatest integer less than or equal to $x^{}_{}$ .)",947
1989-13::1989,"Let $S^{}_{}$ be a subset of $\{1,2,3^{}_{},\ldots,1989\}$ such that no two members of $S^{}_{}$ differ by $4^{}_{}$ or $7^{}_{}$ . What is the largest number of elements $S^{}_{}$ can have?",905
1989-1::1989,Compute $\sqrt{(31)(30)(29)(28)+1}$ .,869
1989-2::1989,Ten points are marked on a circle. How many distinct convex polygons of three or more sides can be drawn using some (or all) of the ten points as vertices?,968
1989-4::1989,"If $a<b<c<d<e^{}_{}$ are consecutive positive integers such that $b+c+d$ is a perfect square and $a+b+c+d+e^{}_{}$ is a perfect cube, what is the smallest possible value of $c^{}_{}$ ?",675
1989-5::1989,"When a certain biased coin is flipped five times, the probability of getting heads exactly once is not equal to $0$ and is the same as that of getting heads exactly twice. Let $\frac ij^{}_{}$ , in lowest terms, be the probability that the coin comes up heads in exactly $3$ out of $5$ flips. Find $i+j^{}_{}$ .",283
1989-7::1989,"If the integer $k^{}_{}$ is added to each of the numbers $36^{}_{}$ , $300^{}_{}$ , and $596^{}_{}$ , one obtains the squares of three consecutive terms of an arithmetic series. Find $k^{}_{}$ .",925
1989-8::1989,"Assume that $x_1,x_2,\ldots,x_7$ are real numbers such that \begin{align*} x_1 + 4x_2 + 9x_3 + 16x_4 + 25x_5 + 36x_6 + 49x_7 &= 1, \\ 4x_1 + 9x_2 + 16x_3 + 25x_4 + 36x_5 + 49x_6 + 64x_7 &= 12, \\ 9x_1 + 16x_2 + 25x_3 + 36x_4 + 49x_5 + 64x_6 + 81x_7 &= 123. \end{align*} Find the value of $16x_1+25x_2+36x_3+49x_4+64x_5+81x_6+100x_7$ .",334
1989-9::1989,One of Euler's conjectures was disproved in the 1960s by three American mathematicians when they showed there was a positive integer such that \[133^5+110^5+84^5+27^5=n^{5}.\] Find the value of $n$ .,144
1990-10::1990,The sets $A = \{z : z^{18} = 1\}$ and $B = \{w : w^{48} = 1\}$ are both sets of complex roots of unity.  The set $C = \{zw : z \in A ~ \mbox{and} ~ w \in B\}$ is also a set of complex roots of unity.  How many distinct elements are in $C^{}_{}$ ?,144
1990-11::1990,Someone observed that $6! = 8 \cdot 9 \cdot 10$ .  Find the largest positive integer $n^{}_{}$ for which $n^{}_{}!$ can be expressed as the product of $n - 3_{}^{}$ consecutive positive integers.,23
1990-13::1990,"Let $T = \{9^k : k ~ \mbox{is an integer}, 0 \le k \le 4000\}$ .  Given that $9^{4000}_{}$ has 3817 digits and that its first (leftmost) digit is 9, how many elements of $T_{}^{}$ have 9 as their leftmost digit?",184
1990-14::1990,"The rectangle $ABCD^{}_{}$ below has dimensions $AB^{}_{} = 12 \sqrt{3}$ and $BC^{}_{} = 13 \sqrt{3}$ .  Diagonals $\overline{AC}$ and $\overline{BD}$ intersect at $P^{}_{}$ .  If triangle $ABP^{}_{}$ is cut out and removed, edges $\overline{AP}$ and $\overline{BP}$ are joined, and the figure is then creased along segments $\overline{CP}$ and $\overline{DP}$ , we obtain a triangular pyramid, all four of whose faces are isosceles triangles.  Find the volume of this pyramid. AIME 1990 Problem 14.png",594
1990-15::1990,"Find $ax^5 + by^5$ if the real numbers $a,b,x,$ and $y$ satisfy the equations \begin{align*} ax + by &= 3, \\ ax^2 + by^2 &= 7, \\ ax^3 + by^3 &= 16, \\ ax^4 + by^4 &= 42. \end{align*}",20
1990-1::1990,"The increasing sequence $2,3,5,6,7,10,11,\ldots$ consists of all positive integers that are neither the square nor the cube of a positive integer. Find the 500th term of this sequence.",528
1990-2::1990,Find the value of $(52+6\sqrt{43})^{3/2}-(52-6\sqrt{43})^{3/2}$ .,828
1990-3::1990,Let $P_1^{}$ be a regular $r~\mbox{gon}$ and $P_2^{}$ be a regular $s~\mbox{gon}$ $(r\geq s\geq 3)$ such that each interior angle of $P_1^{}$ is $\frac{59}{58}$ as large as each interior angle of $P_2^{}$ . What's the largest possible value of $s_{}^{}$ ?,117
1990-5::1990,"Let $n^{}_{}$ be the smallest positive integer that is a multiple of $75_{}^{}$ and has exactly $75_{}^{}$ positive integral divisors, including $1_{}^{}$ and itself. Find $\frac{n}{75}$ .",432
1990-6::1990,"A biologist wants to calculate the number of fish in a lake. On May 1 she catches a random sample of 60 fish, tags them, and releases them. On September 1 she catches a random sample of 70 fish and finds that 3 of them are tagged. To calculate the number of fish in the lake on May 1, she assumes that 25% of these fish are no longer in the lake on September 1 (because of death and emigrations), that 40% of the fish were not in the lake May 1 (because of births and immigrations), and that the number of untagged fish and tagged fish in the September 1 sample are representative of the total population. What does the biologist calculate for the number of fish in the lake on May 1?",840
1990-7::1990,"A triangle has vertices $P_{}^{}=(-8,5)$ , $Q_{}^{}=(-15,-19)$ , and $R_{}^{}=(1,-7)$ . The equation of the bisector of $\angle P$ can be written in the form $ax+2y+c=0_{}^{}$ . Find $a+c_{}^{}$ .",89
1990-9::1990,"A fair coin is to be tossed $10_{}^{}$ times. Let $i/j^{}_{}$ , in lowest terms, be the probability that heads never occur on consecutive tosses. Find $i+j_{}^{}$ .",73
1991-10::1991,"Two three-letter strings, $aaa^{}_{}$ and $bbb^{}_{}$ , are transmitted electronically. Each string is sent letter by letter. Due to faulty equipment, each of the six letters has a 1/3 chance of being received incorrectly, as an $a^{}_{}$ when it should have been a $b^{}_{}$ , or as a $b^{}_{}$ when it should be an $a^{}_{}$ . However, whether a given letter is received correctly or incorrectly is independent of the reception of any other letter. Let $S_a^{}$ be the three-letter string received when $aaa^{}_{}$ is transmitted and let $S_b^{}$ be the three-letter string received when $bbb^{}_{}$ is transmitted. Let $p$ be the probability that $S_a^{}$ comes before $S_b^{}$ in alphabetical order. When $p$ is written as a fraction in lowest terms, what is its numerator?",532
1991-11::1991,"Twelve congruent disks are placed on a circle $C^{}_{}$ of radius 1 in such a way that the twelve disks cover $C^{}_{}$ , no two of the disks overlap, and so that each of the twelve disks is tangent to its two neighbors. The resulting arrangement of disks is shown in the figure below.  The sum of the areas of the twelve disks can be written in the form $\pi(a-b\sqrt{c})$ , where $a,b,c^{}_{}$ are positive integers and $c^{}_{}$ is not divisible by the square of any prime. Find $a+b+c^{}_{}$ . [asy] unitsize(100); draw(Circle((0,0),1)); dot((0,0)); draw((0,0)--(1,0)); label(""$1$"", (0.5,0), S);  for (int i=0; i<12; ++i) { dot((cos(i*pi/6), sin(i*pi/6))); }  for (int a=1; a<24; a+=2) { dot(((1/cos(pi/12))*cos(a*pi/12), (1/cos(pi/12))*sin(a*pi/12))); draw(((1/cos(pi/12))*cos(a*pi/12), (1/cos(pi/12))*sin(a*pi/12))--((1/cos(pi/12))*cos((a+2)*pi/12), (1/cos(pi/12))*sin((a+2)*pi/12))); draw(Circle(((1/cos(pi/12))*cos(a*pi/12), (1/cos(pi/12))*sin(a*pi/12)), tan(pi/12))); } [/asy]",135
1991-12::1991,"Rhombus $PQRS^{}_{}$ is inscribed in rectangle $ABCD^{}_{}$ so that vertices $P^{}_{}$ , $Q^{}_{}$ , $R^{}_{}$ , and $S^{}_{}$ are interior points on sides $\overline{AB}$ , $\overline{BC}$ , $\overline{CD}$ , and $\overline{DA}$ , respectively. It is given that $PB^{}_{}=15$ , $BQ^{}_{}=20$ , $PR^{}_{}=30$ , and $QS^{}_{}=40$ . Let $m/n^{}_{}$ , in lowest terms, denote the perimeter of $ABCD^{}_{}$ . Find $m+n^{}_{}$ .",677
1991-13::1991,"A drawer contains a mixture of red socks and blue socks, at most 1991 in all. It so happens that, when two socks are selected randomly without replacement, there is a probability of exactly $\frac{1}{2}$ that both are red or both are blue. What is the largest possible number of red socks in the drawer that is consistent with this data?",990
1991-14::1991,"A hexagon is inscribed in a circle. Five of the sides have length 81 and the sixth, denoted by $\overline{AB}$ , has length 31. Find the sum of the lengths of the three diagonals that can be drawn from $A_{}^{}$ .",384
1991-1::1991,"Find $x^2+y^2_{}$ if $x_{}^{}$ and $y_{}^{}$ are positive integers such that \begin{align*} xy+x+y&=71, \\ x^2y+xy^2&=880. \end{align*}",146
1991-2::1991,"Rectangle $ABCD_{}^{}$ has sides $\overline {AB}$ of length 4 and $\overline {CB}$ of length 3. Divide $\overline {AB}$ into 168 congruent segments with points $A_{}^{}=P_0, P_1, \ldots, P_{168}=B$ , and divide $\overline {CB}$ into 168 congruent segments with points $C_{}^{}=Q_0, Q_1, \ldots, Q_{168}=B$ . For $1_{}^{} \le k \le 167$ , draw the segments $\overline {P_kQ_k}$ . Repeat this construction on the sides $\overline {AD}$ and $\overline {CD}$ , and then draw the diagonal $\overline {AC}$ . Find the sum of the lengths of the 335 parallel segments drawn.",840
1991-4::1991,How many real numbers $x^{}_{}$ satisfy the equation $\frac{1}{5}\log_2 x = \sin (5\pi x)$ ?,159
1991-5::1991,"Given a rational number, write it as a fraction in lowest terms and calculate the product of the resulting numerator and denominator. For how many rational numbers between 0 and 1 will $20_{}^{}!$ be the resulting product?",128
1991-8::1991,For how many real numbers $a^{}_{}$ does the quadratic equation $x^2 + ax^{}_{} + 6a=0$ have only integer roots for $x^{}_{}$ ?,10
1991-9::1991,"Suppose that $\sec x+\tan x=\frac{22}7$ and that $\csc x+\cot x=\frac mn,$ where $\frac mn$ is in lowest terms.  Find $m+n^{}_{}.$",44
1992-10::1992,"Consider the region $A^{}_{}$ in the complex plane that consists of all points $z^{}_{}$ such that both $\frac{z^{}_{}}{40}$ and $\frac{40^{}_{}}{\overline{z}}$ have real and imaginary parts between $0^{}_{}$ and $1^{}_{}$ , inclusive. What is the integer that is nearest the area of $A^{}_{}$ ?",572
1992-11::1992,"Lines $l_1^{}$ and $l_2^{}$ both pass through the origin and make first-quadrant angles of $\frac{\pi}{70}$ and $\frac{\pi}{54}$ radians, respectively, with the positive x-axis. For any line $l^{}_{}$ , the transformation $R(l)^{}_{}$ produces another line as follows: $l^{}_{}$ is reflected in $l_1^{}$ , and the resulting line is reflected in $l_2^{}$ . Let $R^{(1)}(l)=R(l)^{}_{}$ and $R^{(n)}(l)^{}_{}=R\left(R^{(n-1)}(l)\right)$ . Given that $l^{}_{}$ is the line $y=\frac{19}{92}x^{}_{}$ , find the smallest positive integer $m^{}_{}$ for which $R^{(m)}(l)=l^{}_{}$ .",945
1992-12::1992,"In a game of Chomp , two players alternately take bites from a 5-by-7 grid of unit squares. To take a bite, a player chooses one of the remaining squares, then removes (""eats"") all squares in the quadrant defined by the left edge (extended upward) and the lower edge (extended rightward) of the chosen square. For example, the bite determined by the shaded square in the diagram would remove the shaded square and the four squares marked by $\times.$ (The squares with two or more dotted edges have been removed from the original board in previous moves.) AIME 1992 Problem 12.png The object of the game is to make one's opponent take the last bite. The diagram shows one of the many subsets of the set of 35 unit squares that can occur during the game of Chomp. How many different subsets are there in all? Include the full board and empty board in your count.",792
1992-13::1992,Triangle $ABC^{}_{}$ has $AB=9^{}_{}$ and $BC: AC=40: 41^{}_{}$ . What's the largest area that this triangle can have?,820
1992-14::1992,"In triangle $ABC^{}_{}$ , $A'$ , $B'$ , and $C'$ are on the sides $BC$ , $AC^{}_{}$ , and $AB^{}_{}$ , respectively. Given that $AA'$ , $BB'$ , and $CC'$ are concurrent at the point $O^{}_{}$ , and that $\frac{AO^{}_{}}{OA'}+\frac{BO}{OB'}+\frac{CO}{OC'}=92$ , find $\frac{AO}{OA'}\cdot \frac{BO}{OB'}\cdot \frac{CO}{OC'}$ .",94
1992-15::1992,Define a positive integer $n^{}_{}$ to be a factorial tail if there is some positive integer $m^{}_{}$ such that the decimal representation of $m!$ ends with exactly $n$ zeroes. How many positive integers less than $1992$ are not factorial tails?,396
1992-1::1992,Find the sum of all positive rational numbers that are less than 10 and that have denominator 30 when written in lowest terms.,400
1992-2::1992,"A positive integer is called ascending if, in its decimal representation, there are at least two digits and each digit is less than any digit to its right. How many ascending positive integers are there?",502
1992-3::1992,"A tennis player computes her win ratio by dividing the number of matches she has won by the total number of matches she has played. At the start of a weekend, her win ratio is exactly $0.500$ . During the weekend, she plays four matches, winning three and losing one. At the end of the weekend, her win ratio is greater than $.503$ . What's the largest number of matches she could've won before the weekend began?",164
1992-4::1992,"In Pascal's Triangle, each entry is the sum of the two entries above it. The first few rows of the triangle are shown below. \[\begin{array}{c@{\hspace{8em}} c@{\hspace{6pt}}c@{\hspace{6pt}}c@{\hspace{6pt}}c@{\hspace{4pt}}c@{\hspace{2pt}} c@{\hspace{2pt}}c@{\hspace{2pt}}c@{\hspace{2pt}}c@{\hspace{3pt}}c@{\hspace{6pt}} c@{\hspace{6pt}}c@{\hspace{6pt}}c} \vspace{4pt} \text{Row 0: } &    &    &     &     &    &    & 1 &     &     &    &    &    &  \\\vspace{4pt} \text{Row 1: } &    &    &     &     &    & 1 &    & 1  &     &    &    &    &  \\\vspace{4pt} \text{Row 2: } &    &    &     &     & 1 &    & 2 &     & 1  &    &    &    &  \\\vspace{4pt} \text{Row 3: } &    &    &     &  1 &    & 3 &    & 3  &     & 1 &    &    &  \\\vspace{4pt} \text{Row 4: } &    &    & 1  &     & 4 &    & 6 &     & 4  &    & 1 &    &  \\\vspace{4pt} \text{Row 5: } &    & 1 &     & 5  &    &10&    &10 &     & 5 &    & 1 &  \\\vspace{4pt} \text{Row 6: } & 1 &    & 6  &     &15&    &20&     &15 &    & 6 &    & 1 \end{array}\] In which row of Pascal's Triangle do three consecutive entries occur that are in the ratio $3: 4: 5$ ?",62
1992-5::1992,"Let $S^{}_{}$ be the set of all rational numbers $r^{}_{}$ , $0^{}_{}<r<1$ , that have a repeating decimal expansion in the form $0.abcabcabc\ldots=0.\overline{abc}$ , where the digits $a^{}_{}$ , $b^{}_{}$ , and $c^{}_{}$ are not necessarily distinct. To write the elements of $S^{}_{}$ as fractions in lowest terms, how many different numerators are required?",660
1992-6::1992,"For how many pairs of consecutive integers in $\{1000,1001,1002^{}_{},\ldots,2000\}$ is no carrying required when the two integers are added?",156
1992-7::1992,"Faces $ABC^{}_{}$ and $BCD^{}_{}$ of tetrahedron $ABCD^{}_{}$ meet at an angle of $30^\circ$ . The area of face $ABC^{}_{}$ is $120^{}_{}$ , the area of face $BCD^{}_{}$ is $80^{}_{}$ , and $BC=10^{}_{}$ . Find the volume of the tetrahedron.",320
1992-8::1992,"For any sequence of real numbers $A=(a_1,a_2,a_3,\ldots)$ , define $\Delta A^{}_{}$ to be the sequence $(a_2-a_1,a_3-a_2,a_4-a_3,\ldots)$ , whose $n^{th}$ term is $a_{n+1}-a_n^{}$ . Suppose that all of the terms of the sequence $\Delta(\Delta A^{}_{})$ are $1^{}_{}$ , and that $a_{19}=a_{92}^{}=0$ . Find $a_1^{}$ .",819
1992-9::1992,"Trapezoid $ABCD^{}_{}$ has sides $AB=92^{}_{}$ , $BC=50^{}_{}$ , $CD=19^{}_{}$ , and $AD=70^{}_{}$ , with $AB^{}_{}$ parallel to $CD^{}_{}$ . A circle with center $P^{}_{}$ on $AB^{}_{}$ is drawn tangent to $BC^{}_{}$ and $AD^{}_{}$ . Given that $AP^{}_{}=\frac mn$ , where $m^{}_{}$ and $n^{}_{}$ are relatively prime positive integers, find $m+n^{}_{}$ .",164
1993-10::1993,"Euler's formula states that for a convex polyhedron with $V\,$ vertices, $E\,$ edges, and $F\,$ faces, $V-E+F=2\,$ . A particular convex polyhedron has 32 faces, each of which is either a triangle or a pentagon. At each of its $V\,$ vertices, $T\,$ triangular faces and $P^{}_{}$ pentagonal faces meet. What is the value of $100P+10T+V\,$ ?",250
1993-11::1993,"Alfred and Bonnie play a game in which they take turns tossing a fair coin. The winner of a game is the first person to obtain a head. Alfred and Bonnie play this game several times with the stipulation that the loser of a game goes first in the next game. Suppose that Alfred goes first in the first game, and that the probability that he wins the sixth game is $m/n\,$ , where $m\,$ and $n\,$ are relatively prime positive integers. What are the last three digits of $m+n\,$ ?",93
1993-12::1993,"The vertices of $\triangle ABC$ are $A = (0,0)\,$ , $B = (0,420)\,$ , and $C = (560,0)\,$ .  The six faces of a die are labeled with two $A\,$ 's, two $B\,$ 's, and two $C\,$ 's.  Point $P_1 = (k,m)\,$ is chosen in the interior of $\triangle ABC$ , and points $P_2\,$ , $P_3\,$ , $P_4, \dots$ are generated by rolling the die repeatedly and applying the rule: If the die shows label $L\,$ , where $L \in \{A, B, C\}$ , and $P_n\,$ is the most recently obtained point, then $P_{n + 1}^{}$ is the midpoint of $\overline{P_n L}$ .  Given that $P_7 = (14,92)\,$ , what is $k + m\,$ ?",344
1993-13::1993,"Jenny and Kenny are walking in the same direction, Kenny at 3 feet per second and Jenny at 1 foot per second, on parallel paths that are 200 feet apart. A tall circular building 100 feet in diameter is centered midway between the paths. At the instant when the building first blocks the line of sight between Jenny and Kenny, they are 200 feet apart. Let $t\,$ be the amount of time, in seconds, before Jenny and Kenny can see each other again. If $t\,$ is written as a fraction in lowest terms, what is the sum of the numerator and denominator?",163
1993-14::1993,"A rectangle that is inscribed in a larger rectangle (with one vertex on each side) is called unstuck if it is possible to rotate (however slightly) the smaller rectangle about its center within the confines of the larger. Of all the rectangles that can be inscribed unstuck in a 6 by 8 rectangle, the smallest perimeter has the form $\sqrt{N}\,$ , for a positive integer $N\,$ . Find $N\,$ .",448
1993-15::1993,"Let $\overline{CH}$ be an altitude of $\triangle ABC$ . Let $R\,$ and $S\,$ be the points where the circles inscribed in the triangles $ACH\,$ and $BCH^{}_{}$ are tangent to $\overline{CH}$ . If $AB = 1995\,$ , $AC = 1994\,$ , and $BC = 1993\,$ , then $RS\,$ can be expressed as $m/n\,$ , where $m\,$ and $n\,$ are relatively prime integers. Find $m + n\,$ .",997
1993-1::1993,How many even integers between 4000 and 7000 have four different digits?,728
1993-2::1993,"During a recent campaign for office, a candidate made a tour of a country which we assume lies in a plane. On the first day of the tour he went east, on the second day he went north, on the third day west, on the fourth day south, on the fifth day east, etc. If the candidate went $\frac{n^{2}}{2}$ miles on the $n^{\mbox{th}}_{}$ day of this tour, how many miles was he from his starting point at the end of the $40^{\mbox{th}}_{}$ day?",580
1993-4::1993,"How many ordered four-tuples of integers $(a,b,c,d)\,$ with $0 < a < b < c < d < 500\,$ satisfy $a + d = b + c\,$ and $bc - ad = 93\,$ ?",870
1993-5::1993,"Let $P_0(x) = x^3 + 313x^2 - 77x - 8\,$ .  For integers $n \ge 1\,$ , define $P_n(x) = P_{n - 1}(x - n)\,$ .  What is the coefficient of $x\,$ in $P_{20}(x)\,$ ?",763
1993-6::1993,"What is the smallest positive integer than can be expressed as the sum of nine consecutive integers, the sum of ten consecutive integers, and the sum of eleven consecutive integers?",495
1993-7::1993,"Three numbers, $a_1, a_2, a_3$ , are drawn randomly and without replacement from the set $\{1, 2, 3,\ldots, 1000\}$ . Three other numbers, $b_1, b_2, b_3$ , are then drawn randomly and without replacement from the remaining set of $997$ numbers. Let $p$ be the probability that, after suitable rotation, a brick of dimensions $a_1 \times a_2 \times a_3$ can be enclosed in a box of dimension $b_1 \times b_2 \times b_3$ , with the sides of the brick parallel to the sides of the box. If $p$ is written as a fraction in lowest terms, what is the sum of the numerator and denominator?",5
1993-8::1993,"Let $S\,$ be a set with six elements. In how many different ways can one select two not necessarily distinct subsets of $S\,$ so that the union of the two subsets is $S\,$ ?  The order of selection does not matter; for example, the pair of subsets $\{a, c\},\{b, c, d, e, f\}$ represents the same selection as the pair $\{b, c, d, e, f\},\{a, c\}.$",365
1993-9::1993,"Two thousand points are given on a circle. Label one of the points 1. From this point, count 2 points in the clockwise direction and label this point 2. From the point labeled 2, count 3 points in the clockwise direction and label this point 3. (See figure.) Continue this process until the labels $1,2,3\dots,1993\,$ are all used. Some of the points on the circle will have more than one label and some points will not have a label. What is the smallest integer that labels the same point as 1993? AIME 1993 Problem 9.png",118
1994-10::1994,"In triangle $ABC,\,$ angle $C$ is a right angle and the altitude from $C\,$ meets $\overline{AB}\,$ at $D.\,$ The lengths of the sides of $\triangle ABC\,$ are integers, $BD=29^3,\,$ and $\cos B=m/n\,$ , where $m\,$ and $n\,$ are relatively prime positive integers.  Find $m+n.\,$",450
1994-11::1994,"Ninety-four bricks, each measuring $4''\times10''\times19'',$ are to be stacked one on top of another to form a tower 94 bricks tall.  Each brick can be oriented so it contributes $4''\,$ or $10''\,$ or $19''\,$ to the total height of the tower.  How many different tower heights can be achieved using all 94 of the bricks?",465
1994-12::1994,"A fenced, rectangular field measures 24 meters by 52 meters. An agricultural researcher has 1994 meters of fence that can be used for internal fencing to partition the field into congruent, square test plots. The entire field must be partitioned, and the sides of the squares must be parallel to the edges of the field. What is the largest number of square test plots into which the field can be partitioned using all or some of the 1994 meters of fence?",702
1994-14::1994,"A beam of light strikes $\overline{BC}\,$ at point $C\,$ with angle of incidence $\alpha=19.94^\circ\,$ and reflects with an equal angle of reflection as shown.  The light beam continues its path, reflecting off line segments $\overline{AB}\,$ and $\overline{BC}\,$ according to the rule: angle of incidence equals angle of reflection.  Given that $\beta=\alpha/10=1.994^\circ\,$ and $AB=BC,\,$ determine the number of times the light beam will bounce off the two line segments.  Include the first reflection at $C\,$ in your count. AIME 1994 Problem 14.png",71
1994-15::1994,"Given a point $P^{}_{}$ on a triangular piece of paper $ABC,\,$ consider the creases that are formed in the paper when $A, B,\,$ and $C\,$ are folded onto $P.\,$ Let us call $P_{}^{}$ a fold point of $\triangle ABC\,$ if these creases, which number three unless $P^{}_{}$ is one of the vertices, do not intersect.  Suppose that $AB=36, AC=72,\,$ and $\angle B=90^\circ.\,$ Then the area of the set of all fold points of $\triangle ABC\,$ can be written in the form $q\pi-r\sqrt{s},\,$ where $q, r,\,$ and $s\,$ are positive integers and $s\,$ is not divisible by the square of any prime.  What is $q+r+s\,$ ?",597
1994-1::1994,"The increasing sequence $3, 15, 24, 48, \ldots\,$ consists of those positive multiples of 3 that are one less than a perfect square.  What is the remainder when the 1994th term of the sequence is divided by 1000?",63
1994-2::1994,"A circle with diameter $\overline{PQ}\,$ of length 10 is internally tangent at $P^{}_{}$ to a circle of radius 20. Square $ABCD\,$ is constructed with $A\,$ and $B\,$ on the larger circle, $\overline{CD}\,$ tangent at $Q\,$ to the smaller circle, and the smaller circle outside $ABCD\,$ . The length of $\overline{AB}\,$ can be written in the form $m + \sqrt{n}\,$ , where $m\,$ and $n\,$ are integers. Find $m + n\,$ .",312
1994-8::1994,"The points $(0,0)\,$ , $(a,11)\,$ , and $(b,37)\,$ are the vertices of an equilateral triangle.  Find the value of $ab\,$ .",315
1994-9::1994,"A solitaire game is played as follows.  Six distinct pairs of matched tiles are placed in a bag.  The player randomly draws tiles one at a time from the bag and retains them, except that matching tiles are put aside as soon as they appear in the player's hand.  The game ends if the player ever holds three tiles, no two of which match; otherwise the drawing continues until the bag is empty.  The probability that the bag will be emptied is $p/q,\,$ where $p\,$ and $q\,$ are relatively prime positive integers.  Find $p+q.\,$",394
1995-10::1995,What is the largest positive integer that is not the sum of a positive integral multiple of 42 and a positive composite integer?,215
1995-11::1995,"A right rectangular prism $P_{}$ (i.e., a rectangular parallelepiped) has sides of integral length $a, b, c,$ with $a\le b\le c.$ A plane parallel to one of the faces of $P_{}$ cuts $P_{}$ into two prisms, one of which is similar to $P_{},$ and both of which have nonzero volume.  Given that $b=1995,$ for how many ordered triples $(a, b, c)$ does such a plane exist?",40
1995-12::1995,"Pyramid $OABCD$ has square base $ABCD,$ congruent edges $\overline{OA}, \overline{OB}, \overline{OC},$ and $\overline{OD},$ and $\angle AOB=45^\circ.$ Let $\theta$ be the measure of the dihedral angle formed by faces $OAB$ and $OBC.$ Given that $\cos \theta=m+\sqrt{n},$ where $m_{}$ and $n_{}$ are integers, find $m+n.$",5
1995-13::1995,Let $f(n)$ be the integer closest to $\sqrt[4]{n}.$ Find $\sum_{k=1}^{1995}\frac 1{f(k)}.$,400
1995-14::1995,"In a circle of radius 42, two chords of length 78 intersect at a point whose distance from the center is 18.  The two chords divide the interior of the circle into four regions.  Two of these regions are bordered by segments of unequal lengths, and the area of either of them can be expressed uniquely in the form $m\pi-n\sqrt{d},$ where $m, n,$ and $d_{}$ are positive integers and $d_{}$ is not divisible by the square of any prime number.  Find $m+n+d.$",378
1995-15::1995,"Let $p_{}$ be the probability that, in the process of repeatedly flipping a fair coin, one will encounter a run of 5 heads before one encounters a run of 2 tails.  Given that $p_{}$ can be written in the form $m/n$ where $m_{}$ and $n_{}$ are relatively prime positive integers, find $m+n$ .",37
1995-1::1995,"Square $S_{1}$ is $1\times 1.$ For $i\ge 1,$ the lengths of the sides of square $S_{i+1}$ are half the lengths of the sides of square $S_{i},$ two adjacent sides of square $S_{i}$ are perpendicular bisectors of two adjacent sides of square $S_{i+1},$ and the other two sides of square $S_{i+1},$ are the perpendicular bisectors of two adjacent sides of square $S_{i+2}.$ The total area enclosed by at least one of $S_{1}, S_{2}, S_{3}, S_{4}, S_{5}$ can be written in the form $m/n,$ where $m$ and $n$ are relatively prime positive integers.  Find $m-n.$ AIME 1995 Problem 1.png",255
1995-2::1995,Find the last three digits of the product of the positive roots of $\sqrt{1995}x^{\log_{1995}x}=x^2.$,25
1995-3::1995,"Starting at $(0,0),$ an object moves in the coordinate plane via a sequence of steps, each of length one.  Each step is left, right, up, or down, all four equally likely.  Let $p$ be the probability that the object reaches $(2,2)$ in six or fewer steps.  Given that $p$ can be written in the form $m/n,$ where $m$ and $n$ are relatively prime positive integers, find $m+n.$",67
1995-4::1995,Circles of radius $3$ and $6$ are externally tangent to each other and are internally tangent to a circle of radius $9$ . The circle of radius $9$ has a chord that is a common external tangent of the other two circles. Find the square of the length of this chord.,224
1995-5::1995,"For certain real values of $a, b, c,$ and $d_{},$ the equation $x^4+ax^3+bx^2+cx+d=0$ has four non-real roots.  The product of two of these roots is $13+i$ and the sum of the other two roots is $3+4i,$ where $i=\sqrt{-1}.$ Find $b.$",51
1995-6::1995,Let $n=2^{31}3^{19}.$ How many positive integer divisors of $n^2$ are less than $n_{}$ but do not divide $n_{}$ ?,589
1995-8::1995,"For how many ordered pairs of positive integers $(x,y),$ with $y<x\le 100,$ are both $\frac xy$ and $\frac{x+1}{y+1}$ integers?",85
1995-9::1995,"Triangle $ABC$ is isosceles, with $AB=AC$ and altitude $AM=11.$ Suppose that there is a point $D$ on $\overline{AM}$ with $AD=10$ and $\angle BDC=3\angle BAC.$ Then the perimeter of $\triangle ABC$ may be written in the form $a+\sqrt{b},$ where $a$ and $b$ are integers.  Find $a+b.$ AIME 1995 Problem 9.png",616
1996-10::1996,Find the smallest positive integer solution to $\tan{19x^{\circ}}=\dfrac{\cos{96^{\circ}}+\sin{96^{\circ}}}{\cos{96^{\circ}}-\sin{96^{\circ}}}$ .,159
1996-11::1996,"Let $\mathrm {P}$ be the product of the roots of $z^6+z^4+z^3+z^2+1=0$ that have a positive imaginary part, and suppose that $\mathrm {P}=r(\cos{\theta^{\circ}}+i\sin{\theta^{\circ}})$ , where $0<r$ and $0\leq \theta <360$ . Find $\theta$ .",276
1996-12::1996,"For each permutation $a_1,a_2,a_3,\cdots,a_{10}$ of the integers $1,2,3,\cdots,10$ , form the sum $|a_1-a_2|+|a_3-a_4|+|a_5-a_6|+|a_7-a_8|+|a_9-a_{10}|$ . The average value of all such sums can be written in the form $\dfrac{p}{q}$ , where $p$ and $q$ are relatively prime positive integers. Find $p+q$ .",58
1996-13::1996,"In triangle $ABC$ , $AB=\sqrt{30}$ , $AC=\sqrt{6}$ , and $BC=\sqrt{15}$ . There is a point $D$ for which $\overline{AD}$ bisects $\overline{BC}$ , and $\angle ADB$ is a right angle. The ratio \[\dfrac{\text{Area}(\triangle ADB)}{\text{Area}(\triangle ABC)}\] can be written in the form $\dfrac{m}{n}$ , where $m$ and $n$ are relatively prime positive integers. Find $m+n$ .",65
1996-14::1996,A $150\times 324\times 375$ rectangular solid is made by gluing together $1\times 1\times 1$ cubes. An internal diagonal of this solid passes through the interiors of how many of the $1\times 1\times 1$ cubes?,768
1996-15::1996,"In parallelogram $ABCD,$ let $O$ be the intersection of diagonals $\overline{AC}$ and $\overline{BD}$ . Angles $CAB$ and $DBC$ are each twice as large as angle $DBA,$ and angle $ACB$ is $r$ times as large as angle $AOB$ . Find the greatest integer that does not exceed $1000r$ .",777
1996-2::1996,"For each real number $x$ , let $\lfloor x \rfloor$ denote the greatest integer that does not exceed $x$ . For how many positive integers $n$ is it true that $n<1000$ and that $\lfloor \log_{2} n \rfloor$ is a positive even integer?",340
1996-3::1996,"Find the smallest positive integer $n$ for which the expansion of $(xy-3x+7y-21)^n$ , after like terms have been collected, has at least 1996 terms.",44
1996-4::1996,"A wooden cube, whose edges are one centimeter long, rests on a horizontal surface. Illuminated by a point source of light that is $x$ centimeters directly above an upper vertex, the cube casts a shadow on the horizontal surface. The area of a shadow, which does not include the area beneath the cube is 48 square centimeters. Find the greatest integer that does not exceed $1000x$ .",166
1996-5::1996,"Suppose that the roots of $x^3+3x^2+4x-11=0$ are $a$ , $b$ , and $c$ , and that the roots of $x^3+rx^2+sx+t=0$ are $a+b$ , $b+c$ , and $c+a$ . Find $t$ .",23
1996-6::1996,"In a five-team tournament, each team plays one game with every other team. Each team has a $50\%$ chance of winning any game it plays. (There are no ties.) Let $\dfrac{m}{n}$ be the probability that the tournament will produce neither an undefeated team nor a winless team, where $m$ and $n$ are relatively prime integers. Find $m+n$ .",49
1996-7::1996,"Two squares of a $7\times 7$ checkerboard are painted yellow, and the rest are painted green. Two color schemes are equivalent if one can be obtained from the other by applying a rotation in the plane board. How many inequivalent color schemes are possible?",300
1996-8::1996,"The harmonic mean of two positive integers is the reciprocal of the arithmetic mean of their reciprocals. For how many ordered pairs of positive integers $(x,y)$ with $x<y$ is the harmonic mean of $x$ and $y$ equal to $6^{20}$ ?",799
1996-9::1996,"A bored student walks down a hall that contains a row of closed lockers, numbered 1 to 1024. He opens the locker numbered 1, and then alternates between skipping and opening each locker thereafter. When he reaches the end of the hall, the student turns around and starts back. He opens the first closed locker he encounters, and then alternates between skipping and opening each closed locker thereafter. The student continues wandering back and forth in this manner until every locker is open. What is the number of the last locker he opens?",342
1997-10::1997,"Every card in a deck has a picture of one shape - circle, square, or triangle, which is painted in one of the three colors - red, blue, or green. Furthermore, each color is applied in one of three shades - light, medium, or dark. The deck has 27 cards, with every shape-color-shade combination represented. A set of three cards from the deck is called complementary if all of the following statements are true: i. Either each of the three cards has a different shape or all three of the card have the same shape. ii. Either each of the three cards has a different color or all three of the cards have the same color. iii. Either each of the three cards has a different shade or all three of the cards have the same shade. How many different complementary three-card sets are there?",117
1997-11::1997,Let $x=\frac{\sum\limits_{n=1}^{44} \cos n^\circ}{\sum\limits_{n=1}^{44} \sin n^\circ}$ . What is the greatest integer that does not exceed $100x$ ?,241
1997-12::1997,"The function $f$ defined by $f(x)= \frac{ax+b}{cx+d}$ , where $a$ , $b$ , $c$ and $d$ are nonzero real numbers, has the properties $f(19)=19$ , $f(97)=97$ and $f(f(x))=x$ for all values except $\frac{-d}{c}$ . Find the unique number that is not in the range of $f$ .",58
1997-14::1997,"Let $v$ and $w$ be distinct, randomly chosen roots of the equation $z^{1997}-1=0$ . Let $m/n$ be the probability that $\sqrt{2+\sqrt{3}}\le |v+w|$ , where $m$ and $n$ are relatively prime positive integers. Find $m+n$ .",582
1997-15::1997,"The sides of rectangle $ABCD$ have lengths $10$ and $11$ . An equilateral triangle is drawn so that no point of the triangle lies outside $ABCD$ . The maximum possible area of such a triangle can be written in the form $p\sqrt{q}-r$ , where $p$ , $q$ , and $r$ are positive integers, and $q$ is not divisible by the square of any prime number. Find $p+q+r$ .",554
1997-1::1997,"How many of the integers between 1 and 1000, inclusive, can be expressed as the difference of the squares of two nonnegative integers?",750
1997-2::1997,"The nine horizontal and nine vertical lines on an $8\times8$ checkerboard form $r$ rectangles, of which $s$ are squares.  The number $s/r$ can be written in the form $m/n,$ where $m$ and $n$ are relatively prime positive integers.  Find $m + n.$",125
1997-3::1997,"Sarah intended to multiply a two-digit number and a three-digit number, but she left out the multiplication sign and simply placed the two-digit number to the left of the three-digit number, thereby forming a five-digit number.  This number is exactly nine times the product Sarah should have obtained.  What is the sum of the two-digit number and the three-digit number?",126
1997-4::1997,"Circles of radii 5, 5, 8, and $m/n$ are mutually externally tangent, where $m$ and $n$ are relatively prime positive integers.  Find $m + n.$",17
1997-5::1997,"The number $r$ can be expressed as a four-place decimal $0.abcd,$ where $a, b, c,$ and $d$ represent digits, any of which could be zero.  It is desired to approximate $r$ by a fraction whose numerator is 1 or 2 and whose denominator is an integer. The closest such fraction to $r$ is $\frac 27.$ What is the number of possible values for $r$ ?",417
1997-6::1997,"Point $B$ is in the exterior of the regular $n$ -sided polygon $A_1A_2\cdots A_n$ , and $A_1A_2B$ is an equilateral triangle. What is the largest value of $n$ for which $A_1$ , $A_n$ , and $B$ are consecutive vertices of a regular polygon?",42
1997-7::1997,"A car travels due east at $\frac 23$ miles per minute on a long, straight road. At the same time, a circular storm, whose radius is $51$ miles, moves southeast at $\frac 12\sqrt{2}$ miles per minute. At time $t=0$ , the center of the storm is $110$ miles due north of the car. At time $t=t_1$ minutes, the car enters the storm circle, and at time $t=t_2$ minutes, the car leaves the storm circle. Find $\frac 12(t_1+t_2)$ .",198
1997-8::1997,How many different $4\times 4$ arrays whose entries are all 1's and -1's have the property that the sum of the entries in each row is 0 and the sum of the entries in each column is 0?,90
1997-9::1997,"Given a nonnegative real number $x$ , let $\langle x\rangle$ denote the fractional part of $x$ ; that is, $\langle x\rangle=x-\lfloor x\rfloor$ , where $\lfloor x\rfloor$ denotes the greatest integer less than or equal to $x$ . Suppose that $a$ is positive, $\langle a^{-1}\rangle=\langle a^2\rangle$ , and $2<a^2<3$ . Find the value of $a^{12}-144a^{-1}$ .",233
1998-10::1998,"Eight spheres of radius 100 are placed on a flat surface so that each sphere is tangent to two others and their centers are the vertices of a regular octagon .  A ninth sphere is placed on the flat surface so that it is tangent to each of the other eight spheres.  The radius of this last sphere is $a +b\sqrt {c},$ where $a, b,$ and $c$ are positive integers , and $c$ is not divisible by the square of any prime .  Find $a + b + c$ .",152
1998-11::1998,"Three of the edges of a cube are $\overline{AB}, \overline{BC},$ and $\overline{CD},$ and $\overline{AD}$ is an interior diagonal .  Points $P, Q,$ and $R$ are on $\overline{AB}, \overline{BC},$ and $\overline{CD},$ respectively, so that $AP = 5, PB = 15, BQ = 15,$ and $CR = 10.$ What is the area of the polygon that is the intersection of plane $PQR$ and the cube?",525
1998-12::1998,"Let $ABC$ be equilateral , and $D, E,$ and $F$ be the midpoints of $\overline{BC}, \overline{CA},$ and $\overline{AB},$ respectively.  There exist points $P, Q,$ and $R$ on $\overline{DE}, \overline{EF},$ and $\overline{FD},$ respectively, with the property that $P$ is on $\overline{CQ}, Q$ is on $\overline{AR},$ and $R$ is on $\overline{BP}.$ The ratio of the area of triangle $ABC$ to the area of triangle $PQR$ is $a + b\sqrt {c},$ where $a, b$ and $c$ are integers, and $c$ is not divisible by the square of any prime .  What is $a^{2} + b^{2} + c^{2}$ ?",83
1998-13::1998,"If $\{a_1,a_2,a_3,\ldots,a_n\}$ is a set of real numbers , indexed so that $a_1 < a_2 < a_3 < \cdots < a_n,$ its complex power sum is defined to be $a_1i + a_2i^2+ a_3i^3 + \cdots + a_ni^n,$ where $i^2 = - 1.$ Let $S_n$ be the sum of the complex power sums of all nonempty subsets of $\{1,2,\ldots,n\}.$ Given that $S_8 = - 176 - 64i$ and $S_9 = p + qi,$ where $p$ and $q$ are integers, find $|p| + |q|.$",368
1998-14::1998,"An $m\times n\times p$ rectangular box has half the volume of an $(m + 2)\times(n + 2)\times(p + 2)$ rectangular box, where $m, n,$ and $p$ are integers, and $m\le n\le p.$ What is the largest possible value of $p$ ?",130
1998-15::1998,"Define a domino to be an ordered pair of distinct positive integers. A proper sequence of dominos is a list of distinct dominos in which the first coordinate of each pair after the first equals the second coordinate of the immediately preceding pair, and in which $(i,j)$ and $(j,i)$ do not both appear for any $i$ and $j$ .  Let $D_{40}$ be the set of all dominos whose coordinates are no larger than 40.  Find the length of the longest proper sequence of dominos that can be formed using the dominos of $D_{40}.$",761
1998-1::1998,"For how many values of $k$ is $12^{12}$ the least common multiple of the positive integers $6^6$ and $8^8$ , and $k$ ?",25
1998-2::1998,"Find the number of ordered pairs $(x,y)$ of positive integers that satisfy $x \le 2y \le 60$ and $y \le 2x \le 60$ .",480
1998-3::1998,The graph of $y^2 + 2xy + 40|x|= 400$ partitions the plane into several regions.  What is the area of the bounded region?,800
1998-4::1998,"Nine tiles are numbered $1, 2, 3, \cdots, 9,$ respectively.  Each of three players randomly selects and keeps three of the tiles, and sums those three values.  The probability that all three players obtain an odd sum is $m/n,$ where $m$ and $n$ are relatively prime positive integers .  Find $m+n.$",17
1998-5::1998,"Given that $A_k = \frac {k(k - 1)}2\cos\frac {k(k - 1)\pi}2,$ find $|A_{19} + A_{20} + \cdots + A_{98}|.$",40
1998-6::1998,"Let $ABCD$ be a parallelogram .  Extend $\overline{DA}$ through $A$ to a point $P,$ and let $\overline{PC}$ meet $\overline{AB}$ at $Q$ and $\overline{DB}$ at $R.$ Given that $PQ = 735$ and $QR = 112,$ find $RC.$",308
1998-7::1998,"Let $n$ be the number of ordered quadruples $(x_1,x_2,x_3,x_4)$ of positive odd integers that satisfy $\sum_{i = 1}^4 x_i = 98.$ Find $\frac n{100}.$",196
1998-8::1998,"Except for the first two terms, each term of the sequence $1000, x, 1000 - x,\ldots$ is obtained by subtracting the preceding term from the one before that.  The last term of the sequence is the first negative term encountered.  What positive integer $x$ produces a sequence of maximum length?",618
1998-9::1998,"Two mathematicians take a morning coffee break each day.  They arrive at the cafeteria independently, at random times between 9 a.m. and 10 a.m., and stay for exactly $m$ minutes.  The probability that either one arrives while the other is in the cafeteria is $40 \%,$ and $m = a - b\sqrt {c},$ where $a, b,$ and $c$ are positive integers , and $c$ is not divisible by the square of any prime .  Find $a + b + c.$",87
1999-10::1999,"Ten points in the plane are given, with no three collinear.  Four distinct segments joining pairs of these points are chosen at random, all such segments being equally likely.  The probability that some three of the segments form a triangle whose vertices are among the ten given points is $m/n,$ where $m_{}$ and $n_{}$ are relatively prime positive integers.  Find $m+n.$",489
1999-11::1999,"Given that $\sum_{k=1}^{35}\sin 5k=\tan \frac mn,$ where angles are measured in degrees, and $m_{}$ and $n_{}$ are relatively prime positive integers that satisfy $\frac mn<90,$ find $m+n.$",177
1999-12::1999,"The inscribed circle of triangle $ABC$ is tangent to $\overline{AB}$ at $P_{},$ and its radius is 21.  Given that $AP=23$ and $PB=27,$ find the perimeter of the triangle.",345
1999-13::1999,"Forty teams play a tournament in which every team plays every other( $39$ different opponents) team exactly once.  No ties occur, and each team has a $50 \%$ chance of winning any game it plays.  The probability that no two teams win the same number of games is $m/n,$ where $m_{}$ and $n_{}$ are relatively prime positive integers.  Find $\log_2 n.$",742
1999-14::1999,"Point $P_{}$ is located inside triangle $ABC$ so that angles $PAB, PBC,$ and $PCA$ are all congruent.  The sides of the triangle have lengths $AB=13, BC=14,$ and $CA=15,$ and the tangent of angle $PAB$ is $m/n,$ where $m_{}$ and $n_{}$ are relatively prime positive integers.  Find $m+n.$",463
1999-15::1999,"Consider the paper triangle whose vertices are $(0,0), (34,0),$ and $(16,24).$ The vertices of its midpoint triangle are the midpoints of its sides.  A triangular pyramid is formed by folding the triangle along the sides of its midpoint triangle.  What is the volume of this pyramid?",408
1999-1::1999,"Find the smallest prime that is the fifth term of an increasing arithmetic sequence, all four preceding terms also being prime.",29
1999-2::1999,"Consider the parallelogram with vertices $(10,45),$ $(10,114),$ $(28,153),$ and $(28,84).$ A line through the origin cuts this figure into two congruent polygons.  The slope of the line is $m/n,$ where $m_{}$ and $n_{}$ are relatively prime positive integers.  Find $m+n.$",118
1999-3::1999,Find the sum of all positive integers $n$ for which $n^2-19n+99$ is a perfect square.,38
1999-4::1999,The two squares shown share the same center $O_{}$ and have sides of length 1. The length of $\overline{AB}$ is $\frac{43}{99}$ and the area of octagon $ABCDEFGH$ is $\frac{m}{n}$ where $m_{}$ and $n_{}$ are relatively prime positive integers.  Find $m+n.$ AIME 1999 Problem 4.png,185
1999-5::1999,"For any positive integer $x_{}$ , let $S(x)$ be the sum of the digits of $x_{}$ , and let $T(x)$ be $|S(x+2)-S(x)|.$ For example, $T(199)=|S(201)-S(199)|=|3-19|=16.$ How many values of $T(x)$ do not exceed 1999?",223
1999-6::1999,"A transformation of the first quadrant of the coordinate plane maps each point $(x,y)$ to the point $(\sqrt{x},\sqrt{y}).$ The vertices of quadrilateral $ABCD$ are $A=(900,300), B=(1800,600), C=(600,1800),$ and $D=(300,900).$ Let $k_{}$ be the area of the region enclosed by the image of quadrilateral $ABCD.$ Find the greatest integer that does not exceed $k_{}.$",314
1999-7::1999,"There is a set of 1000 switches, each of which has four positions, called $A, B, C$ , and $D$ .  When the position of any switch changes, it is only from $A$ to $B$ , from $B$ to $C$ , from $C$ to $D$ , or from $D$ to $A$ .  Initially each switch is in position $A$ .  The switches are labeled with the 1000 different integers $(2^{x})(3^{y})(5^{z})$ , where $x, y$ , and $z$ take on the values $0, 1, \ldots, 9$ .  At step $i$ of a 1000-step process, the $i$ -th switch is advanced one step, and so are all the other switches whose labels divide the label on the $i$ -th switch.  After step 1000 has been completed, how many switches will be in position $A$ ?",650
1999-8::1999,"Let $\mathcal{T}$ be the set of ordered triples $(x,y,z)$ of nonnegative real numbers that lie in the plane $x+y+z=1.$ Let us say that $(x,y,z)$ supports $(a,b,c)$ when exactly two of the following are true: $x\ge a, y\ge b, z\ge c.$ Let $\mathcal{S}$ consist of those triples in $\mathcal{T}$ that support $\left(\frac 12,\frac 13,\frac 16\right).$ The area of $\mathcal{S}$ divided by the area of $\mathcal{T}$ is $m/n,$ where $m_{}$ and $n_{}$ are relatively prime positive integers, find $m+n.$",25
1999-9::1999,"A function $f$ is defined on the complex numbers by $f(z)=(a+bi)z,$ where $a_{}$ and $b_{}$ are positive numbers.  This function has the property that the image of each point in the complex plane is equidistant from that point and the origin.  Given that $|a+bi|=8$ and that $b^2=m/n,$ where $m_{}$ and $n_{}$ are relatively prime positive integers.  Find $m+n.$",259
2000-I-10::2000,"A sequence of numbers $x_{1},x_{2},x_{3},\ldots,x_{100}$ has the property that, for every integer $k$ between $1$ and $100,$ inclusive, the number $x_{k}$ is $k$ less than the sum of the other $99$ numbers. Given that $x_{50} = \frac{m}{n}$ , where $m$ and $n$ are relatively prime positive integers, find $m + n$ .",173
2000-I-11::2000,"Let $S$ be the sum of all numbers of the form $\frac{a}{b}$ , where $a$ and $b$ are relatively prime positive divisors of $1000.$ What is the greatest integer that does not exceed $\frac{S}{10}$ ?",248
2000-I-12::2000,"Given a function $f$ for which \[f(x) = f(398 - x) = f(2158 - x) = f(3214 - x)\] holds for all real $x,$ what is the largest number of different values that can appear in the list $f(0),f(1),f(2),\ldots,f(999)$ ?",177
2000-I-13::2000,"In the middle of a vast prairie, a firetruck is stationed at the intersection of two perpendicular straight highways. The truck travels at $50$ miles per hour along the highways and at $14$ miles per hour across the prairie. Consider the set of points that can be reached by the firetruck within six minutes. The area of this region is $\frac{m}{n}$ square miles, where $m$ and $n$ are relatively prime positive integers. Find $m + n$ .",731
2000-I-14::2000,"In triangle $ABC,$ it is given that angles $B$ and $C$ are congruent. Points $P$ and $Q$ lie on $\overline{AC}$ and $\overline{AB},$ respectively, so that $AP = PQ = QB = BC.$ Angle $ACB$ is $r$ times as large as angle $APQ,$ where $r$ is a positive real number. Find $\lfloor 1000r \rfloor$ .",571
2000-I-15::2000,"A stack of $2000$ cards is labelled with the integers from $1$ to $2000,$ with different integers on different cards. The cards in the stack are not in numerical order. The top card is removed from the stack and placed on the table, and the next card is moved to the bottom of the stack. The new top card is removed from the stack and placed on the table, to the right of the card already there, and the next card in the stack is moved to the bottom of the stack. The process - placing the top card to the right of the cards already on the table and moving the next card in the stack to the bottom of the stack - is repeated until all cards are on the table. It is found that, reading from left to right, the labels on the cards are now in ascending order: $1,2,3,\ldots,1999,2000.$ In the original stack of cards, how many cards were above the card labeled $1999$ ?",927
2000-I-1::2000,"Find the least positive integer $n$ such that no matter how $10^{n}$ is expressed as the product of any two positive integers, at least one of these two integers contains the digit $0$ .",8
2000-I-2::2000,"Let $u$ and $v$ be integers satisfying $0 < v < u$ . Let $A = (u,v)$ , let $B$ be the reflection of $A$ across the line $y = x$ , let $C$ be the reflection of $B$ across the y-axis, let $D$ be the reflection of $C$ across the x-axis, and let $E$ be the reflection of $D$ across the y-axis. The area of pentagon $ABCDE$ is $451$ . Find $u + v$ .",21
2000-I-3::2000,"In the expansion of $(ax + b)^{2000},$ where $a$ and $b$ are relatively prime positive integers, the coefficients of $x^{2}$ and $x^{3}$ are equal. Find $a + b$ .",667
2000-I-4::2000,"The diagram shows a rectangle that has been dissected into nine non-overlapping squares. Given that the width and the height of the rectangle are relatively prime positive integers, find the perimeter of the rectangle. [asy]defaultpen(linewidth(0.7)); draw((0,0)--(69,0)--(69,61)--(0,61)--(0,0));draw((36,0)--(36,36)--(0,36)); draw((36,33)--(69,33));draw((41,33)--(41,61));draw((25,36)--(25,61)); draw((34,36)--(34,45)--(25,45)); draw((36,36)--(36,38)--(34,38)); draw((36,38)--(41,38)); draw((34,45)--(41,45));[/asy]",260
2000-I-5::2000,"Each of two boxes contains both black and white marbles, and the total number of marbles in the two boxes is $25.$ One marble is taken out of each box randomly. The probability that both marbles are black is $\frac{27}{50},$ and the probability that both marbles are white is $\frac{m}{n},$ where $m$ and $n$ are relatively prime positive integers. What is $m + n$ ?",26
2000-I-6::2000,"For how many ordered pairs $(x,y)$ of integers is it true that $0 < x < y < 10^{6}$ and that the arithmetic mean of $x$ and $y$ is exactly $2$ more than the geometric mean of $x$ and $y$ ?",997
2000-I-7::2000,"Suppose that $x,$ $y,$ and $z$ are three positive numbers that satisfy the equations $xyz = 1,$ $x + \frac {1}{z} = 5,$ and $y + \frac {1}{x} = 29.$ Then $z + \frac {1}{y} = \frac {m}{n},$ where $m$ and $n$ are relatively prime positive integers. Find $m + n$ .",5
2000-I-8::2000,"A container in the shape of a right circular cone is 12 inches tall and its base has a 5-inch radius. The liquid that is sealed inside is 9 inches deep when the cone is held with its point down and its base horizontal. When the liquid is held with its point up and its base horizontal, the height of the liquid is $m - n\sqrt [3]{p},$ where $m,$ $n,$ and $p$ are positive integers and $p$ is not divisible by the cube of any prime number. Find $m + n + p$ .",52
2000-I-9::2000,"The system of equations \begin{eqnarray*}\log_{10}(2000xy) - (\log_{10}x)(\log_{10}y) & = & 4 \\ \log_{10}(2yz) - (\log_{10}y)(\log_{10}z) & = & 1 \\ \log_{10}(zx) - (\log_{10}z)(\log_{10}x) & = & 0 \\ \end{eqnarray*} has two solutions $(x_{1},y_{1},z_{1})$ and $(x_{2},y_{2},z_{2})$ . Find $y_{1} + y_{2}$ .",25
2000-II-10::2000,"A circle is inscribed in quadrilateral $ABCD$ , tangent to $\overline{AB}$ at $P$ and to $\overline{CD}$ at $Q$ . Given that $AP=19$ , $PB=26$ , $CQ=37$ , and $QD=23$ , find the square of the radius of the circle.",647
2000-II-11::2000,"The coordinates of the vertices of isosceles trapezoid $ABCD$ are all integers, with $A=(20,100)$ and $D=(21,107)$ . The trapezoid has no horizontal or vertical sides, and $\overline{AB}$ and $\overline{CD}$ are the only parallel sides. The sum of the absolute values of all possible slopes for $\overline{AB}$ is $m/n$ , where $m$ and $n$ are relatively prime positive integers. Find $m+n$ .",131
2000-II-12::2000,"The points $A$ , $B$ and $C$ lie on the surface of a sphere with center $O$ and radius $20$ . It is given that $AB=13$ , $BC=14$ , $CA=15$ , and that the distance from $O$ to triangle $ABC$ is $\frac{m\sqrt{n}}k$ , where $m$ , $n$ , and $k$ are positive integers, $m$ and $k$ are relatively prime, and $n$ is not divisible by the square of any prime. Find $m+n+k$ .",118
2000-II-13::2000,"The equation $2000x^6+100x^5+10x^3+x-2=0$ has exactly two real roots, one of which is $\frac{m+\sqrt{n}}r$ , where $m$ , $n$ and $r$ are integers, $m$ and $r$ are relatively prime, and $r>0$ . Find $m+n+r$ .",200
2000-II-14::2000,"Every positive integer $k$ has a unique factorial base expansion $(f_1,f_2,f_3,\ldots,f_m)$ , meaning that $k=1!\cdot f_1+2!\cdot f_2+3!\cdot f_3+\cdots+m!\cdot f_m$ , where each $f_i$ is an integer, $0\le f_i\le i$ , and $0<f_m$ . Given that $(f_1,f_2,f_3,\ldots,f_j)$ is the factorial base expansion of $16!-32!+48!-64!+\cdots+1968!-1984!+2000!$ , find the value of $f_1-f_2+f_3-f_4+\cdots+(-1)^{j+1}f_j$ .",495
2000-II-2::2000,A point whose coordinates are both integers is called a lattice point.  How many lattice points lie on the hyperbola $x^2 - y^2 = 2000^2$ ?,98
2000-II-3::2000,"A deck of forty cards consists of four 1's, four 2's,..., and four 10's.  A matching pair (two cards with the same number) is removed from the deck.  Given that these cards are not returned to the deck, let $m/n$ be the probability that two randomly selected cards also form a pair, where $m$ and $n$ are relatively prime positive integers.  Find $m + n.$",758
2000-II-4::2000,What is the smallest positive integer with six positive odd integer divisors and twelve positive even integer divisors?,180
2000-II-5::2000,"Given eight distinguishable rings, let $n$ be the number of possible five-ring arrangements on the four fingers (not the thumb) of one hand. The order of rings on each finger is significant, but it is not required that each finger have a ring. Find the leftmost three nonzero digits of $n$ .",376
2000-II-6::2000,One base of a trapezoid is $100$ units longer than the other base. The segment that joins the midpoints of the legs divides the trapezoid into two regions whose areas are in the ratio $2: 3$ . Let $x$ be the length of the segment joining the legs of the trapezoid that is parallel to the bases and that divides the trapezoid into two regions of equal area. Find the greatest integer that does not exceed $x^2/100$ .,181
2000-II-8::2000,"In trapezoid $ABCD$ , leg $\overline{BC}$ is perpendicular to bases $\overline{AB}$ and $\overline{CD}$ , and diagonals $\overline{AC}$ and $\overline{BD}$ are perpendicular. Given that $AB=\sqrt{11}$ and $AD=\sqrt{1001}$ , find $BC^2$ .",110
2000-II-9::2000,"Given that $z$ is a complex number such that $z+\frac 1z=2\cos 3^\circ$ , find the least integer that is greater than $z^{2000}+\frac 1{z^{2000}}$ .",0
2001-I-10::2001,"Let $S$ be the set of points whose coordinates $x,$ $y,$ and $z$ are integers that satisfy $0\le x\le2,$ $0\le y\le3,$ and $0\le z\le4.$ Two distinct points are randomly chosen from $S.$ The probability that the midpoint of the segment they determine also belongs to $S$ is $m/n,$ where $m$ and $n$ are relatively prime positive integers.  Find $m + n.$",200
2001-I-11::2001,"In a rectangular array of points, with 5 rows and $N$ columns, the points are numbered consecutively from left to right beginning with the top row.  Thus the top row is numbered 1 through $N,$ the second row is numbered $N + 1$ through $2N,$ and so forth.  Five points, $P_1, P_2, P_3, P_4,$ and $P_5,$ are selected so that each $P_i$ is in row $i.$ Let $x_i$ be the number associated with $P_i.$ Now renumber the array consecutively from top to bottom, beginning with the first column.  Let $y_i$ be the number associated with $P_i$ after the renumbering.  It is found that $x_1 = y_2,$ $x_2 = y_1,$ $x_3 = y_4,$ $x_4 = y_5,$ and $x_5 = y_3.$ Find the smallest possible value of $N.$",149
2001-I-12::2001,"A sphere is inscribed in the tetrahedron whose vertices are $A = (6,0,0), B = (0,4,0), C = (0,0,2),$ and $D = (0,0,0).$ The radius of the sphere is $m/n,$ where $m$ and $n$ are relatively prime positive integers.  Find $m + n.$",5
2001-I-13::2001,"In a certain circle, the chord of a $d$ -degree arc is 22 centimeters long, and the chord of a $2d$ -degree arc is 20 centimeters longer than the chord of a $3d$ -degree arc, where $d < 120.$ The length of the chord of a $3d$ -degree arc is $- m + \sqrt {n}$ centimeters, where $m$ and $n$ are positive integers.  Find $m + n.$",174
2001-I-14::2001,"A mail carrier delivers mail to the nineteen houses on the east side of Elm Street.  The carrier notices that no two adjacent houses ever get mail on the same day, but that there are never more than two houses in a row that get no mail on the same day.  How many different patterns of mail delivery are possible?",351
2001-I-15::2001,"The numbers 1, 2, 3, 4, 5, 6, 7, and 8 are randomly written on the faces of a regular octahedron so that each face contains a different number.  The probability that no two consecutive numbers, where 8 and 1 are considered to be consecutive, are written on faces that share an edge is $m/n,$ where $m$ and $n$ are relatively prime positive integers.  Find $m + n.$",85
2001-I-1::2001,Find the sum of all positive two-digit integers that are divisible by each of their digits.,630
2001-I-2::2001,"A finite set $\mathcal{S}$ of distinct real numbers has the following properties: the mean of $\mathcal{S}\cup\{1\}$ is $13$ less than the mean of $\mathcal{S}$ , and the mean of $\mathcal{S}\cup\{2001\}$ is $27$ more than the mean of $\mathcal{S}$ . Find the mean of $\mathcal{S}$ .",651
2001-I-3::2001,"Find the sum of the roots, real and non-real, of the equation $x^{2001}+\left(\frac 12-x\right)^{2001}=0$ , given that there are no multiple roots.",500
2001-I-4::2001,"In triangle $ABC$ , angles $A$ and $B$ measure $60$ degrees and $45$ degrees, respectively. The bisector of angle $A$ intersects $\overline{BC}$ at $T$ , and $AT=24$ . The area of triangle $ABC$ can be written in the form $a+b\sqrt{c}$ , where $a$ , $b$ , and $c$ are positive integers, and $c$ is not divisible by the square of any prime. Find $a+b+c$ .",291
2001-I-5::2001,"An equilateral triangle is inscribed in the ellipse whose equation is $x^2+4y^2=4$ . One vertex of the triangle is $(0,1)$ , one altitude is contained in the y-axis, and the length of each side is $\sqrt{\frac mn}$ , where $m$ and $n$ are relatively prime positive integers. Find $m+n$ .",937
2001-I-6::2001,"A fair die is rolled four times. The probability that each of the final three rolls is at least as large as the roll preceding it may be expressed in the form $m/n$ , where $m$ and $n$ are relatively prime positive integers. Find $m+n$ .",79
2001-I-7::2001,"Triangle $ABC$ has $AB=21$ , $AC=22$ and $BC=20$ . Points $D$ and $E$ are located on $\overline{AB}$ and $\overline{AC}$ , respectively, such that $\overline{DE}$ is parallel to $\overline{BC}$ and contains the center of the inscribed circle of triangle $ABC$ . Then $DE=\frac{m}{n}$ , where $m$ and $n$ are relatively prime positive integers. Find $m+n$ .",923
2001-I-8::2001,"Call a positive integer $N$ a $\textit{7-10 double}$ if the digits of the base-7 representation of $N$ form a base-10 number that is twice $N$ . For example, $51$ is a 7-10 double because its base-7 representation is $102$ . What is the largest 7-10 double?",315
