id,question,answer
0,"An explorer is challenging to pass through a maze composed of 3033 rows and 3032 columns of squares. The rules of the maze are as follows: In all the middle rows (that is, from the 2nd row to the 3032nd row), there is one invisible teleportation gate hidden in each row, and there are no multiple invisible teleportation gates in the same column. The explorer starts from any position in the 1st row. Each time, he can move one square up, down, left or right, and it is allowed to pass through the explored areas repeatedly. If the explorer touches a teleportation gate, he will immediately return to the starting point and start the next attempt. However, the explorer will mark the position of that teleportation gate. If the explorer reaches any position in the 3033rd row, he will directly pass the maze. It is known that the explorer can remember the positions of all the discovered teleportation gates. Please construct a general strategy so that no matter how the teleportation gates are distributed, the explorer will definitely pass the maze in the \(k\)th attempt in the worst-case scenario. Find the minimum possible value of \(k\).",3033
1,"For an integer n ≥ 3, define the (n − 3 + 1) × (n − 3 + 1) matrix M_n(λ) whose diagonal entries are 3·(k^3 − k) − 4·λ for k = 3, 3+1, …, n, and whose off-diagonal entries are all −4·λ. Let λ_n denote the largest real λ such that det(M_n(λ)) = 0. Compute I = limsup_{n→∞} λ_n.",9.0
10,定义 N 为无法表示成 Σ_{i=1}^{2041} (-1)^{a_i}2^{b_i} 的最小正整数，其中 a_i、b_i 为非负整数（允许指数重复）。求 N 除以 1472 的余数。,1259
11,"Consider a 7 by 2 chessboard. What is the minimum number of squares that must be marked so that, no matter where a bishop is placed, it threatens at least one marked square? A bishop threatens along diagonals, and if it stands on a marked square, that square counts as threatened.",6
12,"Find the largest positive number \(C\)，such that for any six positive integers \(x_1, x_2, \ldots, x_6\)，we have\( \left(x_1+\cdots+x_6\right)^3  \geq C \operatorname{gcd}\left(x_1, x_2, \ldots, x_6\right) \cdot \sum_{i=1}^6 \left(\operatorname{gcd}\left(x_i, x_{i+1}\right) \cdot \operatorname{lcm}\left(x_{i+1}, x_{i+2}\right)\right) \)
where \(x_{7}=x_1, x_{8}=x_2\).",27
13,"You are filling an n×n grid with nonnegative integers (any cell may hold 0, 1, or more), with the rule that any two side-adjacent cells differ by exactly 1. If the total sum of all entries is 1210, determine the greatest possible n for which such a configuration exists.",49
14,"Let a_1, a_2, ..., a_6965 be integers chosen from {1, 2, ..., 1738}. Define S = sum_{i=1}^{6965} floor(a_{i+1}/a_i), with cyclic indexing (a_{n+1} = a_1). Determine the minimum possible value of S.",9
15,"On a 9 by 25 chessboard, what is the maximum number of kings you can place so that every king attacks exactly one other king? Here, a king attacks any square that shares a common vertex with its own square.",86
16,"Chen rolls 3 fair dice labeled 1 through 6. After observing the initial results, Chen may choose up to 2 of the dice to re-roll once (the remaining dice are kept). Chen plays optimally to maximize the probability that the final sum equals 8. Let this optimal probability be p. Compute 216 * p.",50.25
17,"Consider 171 complex numbers r_1,...,r_171, not all zero, chosen so that for t = 1,2,...,m the equalities ∏_{k=1}^{171}(r_k^t + 1) = 1 all hold. Assume every nonzero r_k is a primitive root of unity of even order drawn from the set { 1106, 310, 736 }. Let m be as large as possible under these conditions. Compute m mod 2855.",15
18,"On a 15×15 grid, exactly n 士兵 are placed, one per square. For each 士兵, draw a 5×5 square centered at it with sides parallel to the grid, called its range. If every 士兵's range contains exactly one other 士兵, determine the maximum possible value of n.",48
19,"Define a sequence  by a_1 = 7/(7^2+1) and, for all n ≥ 1, a_n^2 = a_{n+1} - 2 a_n^2 a_{n+1}. Compute the remainder when floor(1/a_1362) is divided by 1591.",823
2,"Consider the real sequence \((a_n)\) defined by \(a_{n+1} = 5^n - 12a_n\) for \(n = 0, 1, 2, \ldots\). Determine the minimal possible value of \(1/a_0\) such that \(a_{n+1} > a_n\) holds for every positive integer \(n\).",17
20,"It is known that one plane divides 3-dimensional space into two parts, two parallel planes divide it into three, and two intersecting planes divide it into four. Consider the planes containing the 6 faces of the cube with vertex labels PQRS-P1Q1R1S1, and the planes containing the 4 faces of the simplex with vertex labels QP1R1S1. How many regions do these planes partition space into?",64
21,"Define the set S = { (2y + -3) / (2x + -1) | min{|x - 2|, |x + 2|} + |y| <= 1 }. Suppose the length of S can be written as m/p in lowest terms. Compute m + p.",67
22,"Inside a sphere with center O, a planar quadrilateral ABCD whose vertices lie on the sphere is an isosceles trapezoid with AB = 2, CD = 3, and AD = BC = 6. Points E and F lie on AD and BC, respectively. If the minimum value of the dot product OE ⋅ OF equals -5.2, determine the least integer greater than the volume of the sphere.",264
23,"Suppose there is a necklace composed of beads of two colors, red and blue, with a total of 16 beads. And the necklace can be freely rotated and flipped (that is, the cases regarded as the same necklace need to be combined for counting). If on this necklace, there are neither three consecutive blue beads nor three consecutive red beads, how many different necklaces that meet the above requirements are there?",88
24,"An infinite plane is marked with a square lattice whose grid spacing is 2.0. A rigid square of side length 2.0 is dropped with a uniformly random location and with an orientation distributed according to half_turn, independently of the lattice. Let p be the probability that a single placement of the square does not cover any lattice vertex. Now repeat this experiment 3 times independently; let q be the probability that none of the 3 placements cover any vertex. Compute ⌊750·q⌋.",0
25,"Sea en Euclid una sucesión no decreciente de números reales t_1, …, t_9 con ∑_{i=1}^{9} t_i = 1.0. Determina el valor máximo de ((∑_{i=1}^{9} |t_i − t_5|)^2 * ∑_{1≤i<j≤9} (t_i − t_j)^2) / (∑_{i=1}^{9} t_i^2)^3.",96.0
26,在一个由7×6个单位小方格（边长为1）组成的矩形棋盘上，选择若干小方格，并在每个被选中的小方格内画一条有向对角线（可选↗或↘方向）。已知对于任意两条所画有向对角线，要么其中一条的终点与另一条的起点重合，要么两条终点之间的距离至少为2。问最多可以选择多少个小方格？,19
27,"On a 3426 by 325 matrix, a non-attacking set is any set of squares with no two in the same row or column. Some squares are colored red so that each row and each column contains at most 13 red squares. Find the minimum positive integer n such that, regardless of the coloring, all red squares lie on the union of n non-attacking sets.",13
28,"Let a_1 = 1 and (a_n) be an infinite sequence of positive integers with the property that for every choice of positive integers k and n, a_n divides a_k + a_{k+1} + ... + a_{k+n-1}. Among all such sequences, let N be the largest possible value of a_1899. Compute N modulo 1705.",1037
29,"Let n be an integer. Define a1 = n^2 + -10 n + 23, a2 = n^2 + -9 n + 97, and a3 = n^2 + -12 n + 46. If all three are prime numbers for some n, find the sum of all possible values of a1 + a2 + a3.",196
3,"ant starts at 47 on the integer line and makes 8191 jumps. The landing sequence must visit every integer in {47+1, 47+2, ..., 47+8191} exactly once. Each jump length is a power of 2, and direction may be left or right. Let S be the sum of the reciprocals of the jump lengths. Find the minimum possible value of S.",13
30,"The 30 edges of a regular icosahedron are distinguished by labeling them 1, 2, ..., 30. How many different ways are there to paint each edge red, white, or blue such that each of the 20 triangular faces of the icosahedron has two edges of the same color and a third edge of a different color? Find the answer mod 1000.",224
31,"Suppose k = 2447. A positive integer N can be expressed as a sum of k consecutive positive integers, N = a + (a+1) + ... + (a+k-1), and cannot be expressed as a sum of k' consecutive positive integers for any other k' > 1. Ranging over all such N that meet this uniqueness condition for k = 2447, determine the minimal possible starting term a.",825
32,"Let a, b, c be positive real numbers with a + b + c = 2. Determine the maximum value of (a^3 + b^3 + c^3)(a + b)(b + c)(c + a). If this maximum equals p = m/n in lowest terms, compute m + n.",19
33,"Inside a 3-dimensional ball in 3 dimensions, 12 points are generated independently with a uniform distribution. Let p = m/n be the probability that the center of the 3-dimensional ball lies outside the convex hull of these 12 points, where m and n are coprime. Find n - m.",1981
34,"从一个总体中随机选取一枚硬币，其正面出现的概率 p 在区间 [0,1] 上服从均匀分布。随后将该硬币独立抛掷 353 次。若“恰好出现 103 次正面”的概率可化为最简分数 m/n，求 m + n。",355
35,"Consider a function g: N x N -> N with g(0,0) = 0 and such that for every pair (x,y) in N x N there exists an n in N with {g(x,y), g(x+1,y), g(x,y+1)} = {n, n+1, n+2}. Let S be the set of all possible values of g(2039, 5903) over all such functions g. Find the 230-th smallest element of S.",687
36,"There are 5 equally spaced points on a circle. 5 tokens labeled 1 through 5 are randomly placed, one per point. Let S be the sum of the absolute differences between labels of all adjacent pairs around the circle. Find the reciprocal of the probability that the random arrangement yields the minimum possible value of S. Arrangements that coincide after rotation or mirror reflection are considered the same.",3
37,"Let x be a positive integer. List its l positive divisors in ascending order as a_1, a_2, …, a_l. If there exist indices i and j in {1, 2, …, l} such that a_8^2 + a_i^2 = a_j^2, determine the least possible value of x.",360
38,There are m distinct positive even integers and n distinct positive odd integers whose total sum is 1736. Determine the maximum possible value of 8 m + 11 n.,560
39,"Diego has a convex 7-gon in the plane. Starting from its vertices, he may use only straightedge constructions and the following tool: for any segment whose endpoints are already constructed, he may divide that segment into m equal parts. Using repeated applications of these operations, he seeks the centroid of the polygon's seven vertices. For how many integers m in the inclusive interval [1,120] is this guaranteed to be achievable?",17
4,"In the 十进制 numeral system, define G(n) as the last non-zero digit of n! for all integers n ≥ 2. Let k be the 5-th smallest positive integer with the property that for every n ≥ 2, G(k*n) = G(n). How many figures does k have when written in 十进制?",12
40,"Define the symmetric difference AΔB as the set of elements that belong to exactly one of A or B. Let S be the collection of 335 consecutive integers starting at 23. Consider all 2^335 subsets of S, labeled A1 through A_{2^335}. Create a 2^335 by 2^335 table M whose entry at (i,j) is the sum of the elements in A_i Δ A_j (the empty set sums to 0). Find the remainder when the sum of all entries of M is divided by 997.",926
41,"Real numbers x_1, x_2, ..., x_3004 satisfy |x_1| + |x_2| + ... + |x_3004| = 1. Consider D = |x_1| + |x_1 - x_2| + |x_1 + x_2 - x_3| + ... + |x_1 + x_2 + ... + x_[n-1] - x_3004|. Let M be the maximal possible value of 1/D. Compute M modulo 35228202.",1574444
42,"Given x1^2 + y1^2 + z1^2 = 1.5^2 and 2 x2 + 5 y2 + 12 z2 = 22, with x1, y1, z1 ∈ ℝ and x2, y2, z2 ∈ (0, +∞). Let x be the minimal value of max{|x2 − x1|, |y2 − y1|, |z2 − z1|}. Find the largest integer strictly less than 1000 · x.",119
43,"Let A be an 10×10 matrix with entries in {0,1}. Each row contains exactly 5 ones and 5 zeros. Determine the number of such matrices A for which A^2 + 5A is the matrix whose every entry equals 5.",126
44,"Let F_131 be the finite field of residues modulo 131. Define W as the smallest set of polynomials over F_131 that contains the two polynomials x + 14 and x^{131-2} + x^{131-3} + ... + x^2 + 2x + 1, and that is closed under composition modulo x^131 - x in the following sense: whenever h1(x), h2(x) are in W, the remainder r(x) of h1(h2(x)) upon division by x^131 - x also lies in W. If N is the total number of distinct polynomials in W, how many consecutive zeros appear at the end of the decimal representation of N?",32
45,"For each real x in [0, 1), define S_x = { n in positive integers : floor(n x) has even parity }. Let f(x) = sum_{n in S_x} 2^{-n}. Let L_max be the largest real number such that f(x) >= L for all x in [0, 1). Compute the greatest integer less than 1000 * L_max.",571
46,"Let integers a and b satisfy a^2 + b^2 ≤ 14. Suppose there exist real numbers x > 0 and y > 0 such that a/√x + 5/(y + 6 x) = b/√y - 5/(y + 6 x) = 3. Find the square of the number of ordered pairs (a, b) that meet these conditions.",361
47,"Find the smallest real constant C such that, for every positive integer n and all real numbers x_0, x_1, ..., x_n, the inequality holds:
∑_{0 ≤ i,j ≤ n} 4·6^{i+j}·C_{i+j}^i·x_i x_j + 2·∑_{0 ≤ i ≤ n} x_i ≥ -C/5808.",4752
48,"Let 22 positive integers be strictly increasing: a_1 < a_2 < ... < a_22, with total sum a_1 + a_2 + ... + a_22 = 2809. For each k = 1, 2, ..., 22-1, define b_k = min(sum of the first k terms, sum of the remaining 22-k terms). Let S = max{b_1, b_2, ..., b_22-1}. Among all such sequences, determine the minimal possible value of S.",231
49,"Fill a 106×106 grid with the integers 1 through 106^2, each used exactly once. For every pair of entries that share a row or a column, form the ratio of the larger to the smaller. The minimum of all these ratios is called the characteristic value of the grid. Over all possible fillings, this characteristic value is maximized; write this maximum as α/β in lowest terms and compute α+β.",213
5,"Within the inclusive range from 116498 to 171444, for how many integers k does the collection of positive integer triples (n, a, b) satisfying n is odd, gcd(a, b) = 1, a + b = k, and n divides a^n + b^n contain only finitely many elements?",1
50,"A circle with center O has radius r = 0.5. A regular 9-gon is inscribed in the circle. Point M ranges over all points on the polygon's edges (including endpoints). Points E and F are diametrically opposite on the circle. Define S as the minimum, over all such M, of the dot product MF · ME. Compute ceil(20000 × (−S)).",585
51,"设集合 S 为等差数列 { 1, 1+3, 1+23, …, 1+(72-1)3 }。对任意非空有限实数集 X，定义 f(X) = (1/|X|)·(∑_{x∈X} x)。现有不相交集合 A、B 且 A ∪ B = S，并满足 20 ≤ |A| ≤ 33、38 ≤ |B| ≤ 42。对任意 p ∈ B，令 A_p = A ∪ ，B_p = {x ∈ B : x ≠ p}。在所有满足条件的 (A,B) 及 p ∈ B 中，求 (f(A_p)−f(A))·(f(B_p)−f(B)) 的最大值。若该最大值为既约分数，请输出其分子与分母之和；若为整数，请输出该整数。",16739
52,"Inside a regular tetrahedron with side length 4/4, a solid sphere moves freely. The sphere’s radius is 2/5 of the tetrahedron’s inradius. Let V be the volume of the region that the sphere’s center can occupy (i.e., points at least that distance from every face). Compute floor(1 / V^2).",1543
53,"Find the smallest positive integer n with n ≥ 1140 such that there exists a bijection f: {1, …, n} → {1, …, n} with the property: for any x, y in {1, …, n}, if n divides (474·x − y), then (n + 1) divides f(x)^474 − f(y). Determine n.",1150
54,"Let x_i = i/71 for i = 0, 1, ..., 71. Define S = sum_{i=0}^{71} x_i^5 / (x_i^5 + (1 - x_i)^5). Find S.",36
55,"Let nonnegative real numbers x, y, z satisfy sqrt(x^2 + y^2) + z = 1. For a positive real parameter k, define f(k) as the maximum value of 4(xy + k x z). Evaluate the greatest integer not exceeding 1 f^2(1) + 8 f^2(3) + 15 f^2(4) + 35 f^2(6) + 48 f^2(7).",4038
56,Let I_n = ∫ from 0 to (π/2 + 2π) of (sin^2(1 n t) / sin t) dt. Compute the greatest integer less than 2176 × lim_{n→∞} ( I_n / log_6 n ).,1949
57,"Determine the smallest constant k such that, for any positive real real numbers x, y, and z, the inequality x/√(x+y) + y/√(y+z) + z/√(z+x) ≤ (k/1252) √(x+y+z) always holds.",1565
58,"There are 1269 participants and 51 categories of badges. Each participant has one badge of each category, and the total mass of their 51 badges is 6/5 (all individual masses are positive and may vary across participants). Let C be the smallest positive real number such that it is always possible to choose exactly one badge from each participant so that, for every category, the total mass of the chosen badges of that category does not exceed C. If C is expressed in lowest terms as q/p, find p + q.",1031
59,"Let S = {1,2,...,7292}. Count the bijections f:S→S satisfying that for every a in S, f(a) + f^{-1}(a) = 7293. If the number of such functions is M and M = 2^k n where n is odd, find k.",1823
6,"There are 80 real numbers x_1, x_2, ..., x_80 satisfying x_1 + x_2 + ... + x_80 = 0 and |x_i - x_{i+1}| ≤ 2.0 for all 1 ≤ i ≤ 80, with x_{80+1} = x_1. Let a = x_16, b = x_32, c = x_48, d = x_64, and e = x_80. Determine the maximum possible value of a + b + c + d + e.",40.0
60,"Let a_1, a_2, ..., a_6987 be arbitrary rational numbers. Find the smallest positive integer t such that max(|a_1|, |a_2|, ..., |a_6987|) ≤ t · max(|a_1 + a_2|, |a_2 + a_3|, ..., |a_6987 + a_1|) always holds.",3494
61,"Let x_1, x_2, ..., x_1767 be positive real numbers. Define M as the minimal possible value of max{ x_1, 1/x_1 + x_2, 1/x_2 + x_3, ..., 1/x_1767 + 1 }. Suppose a polynomial F(x) with integer coefficients is divisible by x^2 - M x + 1. Determine the minimal possible degree of F(x).",2340
62,Consider a 52×52 grid of unit cells. The integers 1 through 52×52 are placed into the cells so that any two adjacent cells (sharing a side) have a sum of at least S. What is the maximum possible value of S?,2679
63,Consider the complex equation 3z^{53} + 2z^{52} + 3 = 0 with real coefficients. How many solutions z are non-real complex numbers (counting multiplicities)?,52
64,"Let P(x) and Q(x) be distinct real polynomials of degree 2542, each having all coefficients non-zero. Define r as the number of their common real roots (counted with multiplicity), and let s be the number of identical monomial terms (same exponent and same coefficient) they share. What is the maximum possible value of r + s?",3812
65,A regular 4-gon is partitioned into 4 wedge-shaped sectors by drawing segments from the center to each vertex. You place exactly one ball into each sector using 5 available colors (infinitely many of each color). Adjacent sectors around the circle (including the wrap-around pair) cannot receive the same color. How many distinct placements are there in total? Rotations or reflections are NOT identified as the same.,260
66,"In a circular arena, 89 sentinels stand at distinct positions. Each sentinel has a fixed field of view that is a 240-degree wedge. The wedge's orientation must align with the arena's compass grid, which is marked in equal steps of 10 degrees. Sentinels see all other sentinels lying inside or on the boundary rays of their chosen wedge. For i = 1, 2, ..., 89, let a_i be the number of other sentinels the i-th can see. What is the maximum possible value of the sum Σ a_i?",7832
67,"Define a binary relation on {1,2,...,21} by writing x ≻ y if and only if 0 < x - y ≤ 10 or y - x > 10. How many ordered quadruples (a,b,c,d) with a,b,c,d ∈ {1,2,...,21} satisfy a ≻ b, b ≻ c, c ≻ d, and d ≻ a?",13860
68,"Let real numbers x_k lie in the interval [-5, 5] for k = 1, 2, ..., 4311, and suppose x_1 + x_2 + ⋯ + x_4311 = 0. What is the maximum possible value of M = x_1^3 + x_2^3 + ⋯ + x_4311^3?",134718.75
69,"The rectangle \(R\) is divided into 2024 small rectangles, and the sides of each small rectangle are parallel to the sides of \(R\). The vertices of the small rectangles are called nodes. A line segment on the sides of the small rectangles, if both of its endpoints are nodes and there are no other nodes inside it, is called a fundamental line segment. Considering all the ways of division, find the sum of the maximum value and the minimum value of the number \(N\) of fundamental line segments.",10211
7,"On a 9×9 lattice board, you can place black chips to prevent White from completing a 5-in-a-row. What is the minimum number of black chips required so that among the remaining empty squares (squares without a black chips, with at most one piece per square), there are no 5 consecutive empties in any rows/columns/diagonals?",16
70,"Let \(G\) be a 160-order simple graph. For any vertex \(u\), there exists another vertex \(v\), such that \(u\) and \(v\) are adjacent, and there exists no vertices adjacent to both \(u\) and \(v\). Find the maximal number of edges in \(G\).",10320
71,"From the integers 6 through 6 (inclusive), how many subsets can you choose so that no block of 2 consecutive integers is entirely included? The empty subset is allowed.",2
72,"Let Z/nZ denote the integers modulo n. Determine the 1-th smallest composite n for which there exists a bijection g: Z/nZ -> Z/nZ such that the 140 maps g(x) + kx (for k = 0, 1, ..., 140-1) are all bijections on Z/nZ.",22201
73,"The Bank of Pittsburgh issues coins that have a heads side and a tails side. Vera
has a row of 7873 such coins alternately tails-up and heads-up, with the leftmost
coin tails-up.
In a move, Vera may flip over one of the coins in the row, subject to the following
rules:
• On the first move, Vera may flip over any of the 7873 coins.
• On all subsequent moves, Vera may only flip over a coin adjacent to the coin
she flipped on the previous move. (We do not consider a coin to be adjacent
to itself.)
Determine the smallest possible number of moves Vera can make to reach a state in
which every coin is heads-up.",15743
74,"In the integer lattice consisting of all points (x, y) with 1 ≤ x ≤ 18046 and 1 ≤ y ≤ 18046, you wish to select as many points as possible under this rule: among the selected points, no four may form an isosceles trapezoid whose pair of parallel sides is parallel to either the x-axis or the y-axis (rectangles are also considered isosceles trapezoids). What is the maximum number of points you can select?",45113
75,"In the complete graph K_637, each edge is assigned a label from the set { 4, 6, 8 }. The labels are chosen so that for every triangle, the sum of its three edge labels is at least 16. Let the minimum possible average of all \binom{637}{2} edge labels be expressed in lowest terms as a fraction m/n. Compute m + n.",4457
76,"Let integers a_1, a_2, ..., a_1457 satisfy  a_1 = 4 ≤ a_2 ≤ ... ≤ a_1457 = 83. Define f = (a_1^2 + a_2^2 + ... + a_1457^2) − (a_1 a_3 + a_2 a_4 + ... + a_{1457-2} a_1457). Determine the minimal possible value of f.",5220
77,"Let S be the set of integers s with s ≥ 3946 such that there exist positive integers a, b, c, d satisfying a + b + c + d = s and s divides abc + abd + acd + bcd. Find the sum of the 11 smallest elements of S.",43471
78,caretaker manages a orchard grid where each cell must be either inked or unlit. Let x_n be the number of valid colorings of an n by n grid in which no two adjacent horizontally or vertically cells are both inked. Compute the sum of x_n from n = 3 to n = 6.,5655605
79,"We look at sequences (a_1, a_2, ..., a_55) where each a_i is either B or red. Define a ""reverse order"" to occur at an index k with 1 ≤ k < 55 when a_k = red and a_{k+1} = B. How many such sequences have exactly 16 reverse orders?",3167295784216200
8,"cadets sit for a assessment with 6 questions, each offering 3 choices. It is observed that for any two cadets, the number of questions where their answers coincide is either 0 or 2. What is the maximum possible number of cadets?",18
80,"Let real numbers x_1, x_2, ..., x_456 satisfy the constraints -1/sqrt(3) <= x_i <= sqrt(3) for all i, and x_1 + x_2 + ... + x_456 = -59 * sqrt(3). Define M as the maximum possible value of x_1^6 + x_2^6 + ... + x_456^6. Find the greatest integer less than or equal to M.",1879
81,"Let a1, a2, ..., a_m be m distinct positive integers whose total product has exactly 610 distinct prime factors. If the product of any nonempty subset of these integers is never a perfect 3-th power, determine the maximum possible value of m.",1220
82,"A circular track Track T has circumference 13688 and 1711 equally spaced marked points. These points are labeled X1, X2, ..., X1711 in some order, each label used exactly once. Xiao Ming starts at X1, then goes to X2, then X3, and so on up to X1711, and finally returns to X1. For each move from P to Q, Xiao Ming goes along the shorter of the two arcs between P and Q on Track T; if PQ is a diameter (which can only occur when 1711 is even), either semicircle may be taken. Over all possible labelings of the 1711 points, determine the maximum possible total length of the 1711 arcs traversed.",11703240
83,"Let f and g be functions from the nonnegative integers to themselves. Assume f(0) ≥ f(1) ≥ ... ≥ f(2016) ≥ 0 and f(0)+f(1)+...+f(2016) ≤ 2016. For any choice of 20 nonnegative integers n1, n2, ..., n20 (not necessarily distinct), we have g(n1+n2+...+n20) ≤ f(n1)+f(n2)+...+f(n20). Determine the maximum possible value of g(0)+g(1)+...+g(2016).",794430
84,Consider a 1972×532 grid G where each cell contains a real number. A rectangular sub-grid S is called outstanding if every cell in S has a value strictly greater than every cell outside S that shares a common vertex (diagonal corner contact) with S. The entire grid G also counts as an outstanding sub-grid. What is the maximum possible number of outstanding sub-grids?,525803
85,"Given positive integer \(n \geq 3\), \(x_1, x_2, \cdots, x_n \in[0,1]\), consider the set \(A=\left\{(i, j)\left|1 \leq i<j \leq n, i, j \in \mathbb{N}^*, i\right| j\right\}\), let \(d(n)\) be the maximum value of \(x_1^4+x_2^4+\cdots+x_n^4-\sum_{(i, j) \in A} x_i^3 x_j^3\). Find \(\sum_{k=3}^{2025} d(k)\).",1026167
86,"Consider a regular 25-prism. By connecting the face diagonals of each lateral face, 25 intersection points are generated, and then the lateral edges are removed. Now, we perform a three-coloring on these 25 intersection points and 50 vertices, where adjacent vertices cannot have the same color. Colorings that coincide after rotation around the central axis are regarded as the same kind. Find the number of coloring methods.",1342182
87,Call a positive integer k “good” if there exist positive integers a and b with a < b such that a^3 = (k a + 1) b + k. Find the sum of all good integers k that do not exceed 4242.,8999402
88,"Aisha places one coin on each vertex of a regular 3225-gon. In one move, he chooses a vertex, takes one coin from each adjacent vertex, puts one coin on the chosen vertex, and keeps the extra coin. A move is allowed only if both adjacent vertices have at least one coin. He stops when no further move is possible. Let N_max be the maximum number of coins he can collect and N_min the minimum. Compute 1000*N_max + N_min.",3224075
89,"On a 1837×613 grid, two pieces start in different random cells. Lucía moves the white piece first, then Carlos moves the black piece; they alternate thereafter. Each move is exactly one cell horizontally or vertically, and for the same piece the move directions must alternate between horizontal and vertical. If immediately after Carlos's move both pieces are in the same cell, Carlos wins; otherwise Lucía wins. Let p = m/n be the probability (in lowest terms) that Carlos has a winning strategy. Find m.",563040
9,Place m tiles of size 1×2 on a 7×7 grid so that no tile can slide horizontally or vertically with all other pieces fixed. Find the minimal positive value of m.,22
90,"Consider a convex 47-gon with side lengths x_1, x_2, ..., x_47, where each x_i is a positive integer and the perimeter is m. Let f(m) be the minimum possible value of the product x_1 x_2 ... x_47 over all such convex polygons with perimeter m. Compute the sum f(73) + f(73+1) + ... + f(90).",639
91,"At a party, the host wants to distribute 2025 pieces of cookies of the same size to \(n\) guests and follow the following two rules: (1) Each cookie can be divided into at most two parts (does not have to be equally divided). (2) The total amount of cookies received by each guest is equal. Find the sum of all positive integers \(n\) for which such a distribution method exists.",2085451
92,在一个 n×n 的棋盘上，初始每个小格都是 0。每次操作选择一对共享一条边的相邻小格，使这两个小格的数字都加 1。若经过若干次（至少 1 次）操作后，能使每一行与每一列的数字和都相同，记最少操作次数为 f(n)；否则 f(n)=0。求 ∑_{n=1377}^{3393} f(n)。,7217010
93,"For positive integer \(n\) and real numbers \(a_1, a_2, \ldots, a_n \in[-1,1]\). Let \(S=\sum_{i=1}^n a_i\) and \(f(n)\) be the maximum value of \(\sum_{i=1}^n\left|\frac{S-a_i}{n}-a_i\right|\). Find \(\sum_{k=1}^{225} kf(k)\)．",3847537
94,"Let nonnegative reals x_1, x_2, ..., x_2351 satisfy x_1 + x_2 + ... + x_2351 = 1. Consider the quantity S = m/n equal to the maximum of the double sum over 1 ≤ i, j ≤ 2351: ((3 i + 6) / (3 j + 6)) x_i x_j, with m and n coprime. Compute m + n.",1394743
95,"There are 5 cards labeled with consecutive positive integers starting at 4. The cards are uniformly randomly arranged in a row from left to right. Let a_i be the number on the i-th card (with i = 1, 2, ..., 5). Let the probability that a_i ≥ i + 0 holds for every i = 1, 2, ..., 5 be a/x in lowest terms. Compute a + x.",9
96,"Let A = {3, 3+1, ..., 3+12-1}. Consider a bijection f: A → A with no fixed points (i.e., f(x) ≠ x for all x ∈ A). Define f_1(x) = f(x) and f_{t+1}(x) = f(f_t(x)). If for every x ∈ A we have f_35(x) = x, how many such mappings f exist?",13685760
97,"There are 13958 stacks labeled T_1, T_2, ..., T_13958. Initially, stack T_k contains k coins for each k = 1, 2, ..., 13958. One move consists of choosing an ordered pair (i, j) with 1 ≤ i < j ≤ 13958, such that both chosen stacks are nonempty and the pair (i, j) has not been chosen before. If the stacks currently contain a and b coins, respectively, then gcd(a, b) coins are removed from each. What is the maximum number of moves that can be made?",48706441
98,"From an unlimited supply of 4 colors of balls (indistinguishable except for color), select 20 balls and arrange them in a row. The color purple is restricted so that no two purple balls are adjacent. How many distinct color sequences are possible?",393620574951
99,"In a directed network of 199 servers, every unordered pair has at least one directed link. Exactly 199 pairs are connected by two-way links (both directions), and all other pairs have a single one-way link. Call a set of 4 servers mutually-connected if, using only links among those 4 servers, one can move from any server in the set to any other server in the set. What is the maximum possible number of such mutually-connected sets?",33124147
